r_lat,r_lng,neighborhood,locality,county
41.892,-87.612,Streeterville,Chicago,Cook County
41.912,-87.627,Lincoln Park,Chicago,Cook County
41.881,-87.617,Chicago Loop,Chicago,Cook County
41.901,-87.624,Streeterville,Chicago,Cook County
41.926,-87.631,Lincoln Park,Chicago,Cook County
41.881,-87.624,Chicago Loop,Chicago,Cook County
41.912,-87.635,Old Town Triangle,Chicago,Cook County
41.918,-87.636,Old Town Triangle,Chicago,Cook County
41.964,-87.638,Uptown,Chicago,Cook County
41.916,-87.635,Old Town Triangle,Chicago,Cook County
41.938,-87.644,Lake View East,Chicago,Cook County
41.867,-87.615,Near South Side,Chicago,Cook County
41.868,-87.623,Chicago Loop,Chicago,Cook County
41.933,-87.636,Lake View East,Chicago,Cook County
41.94,-87.653,Lake View East,Chicago,Cook County
41.93,-87.643,Lincoln Park,Chicago,Cook County
41.887,-87.613,Chicago Loop,Chicago,Cook County
41.941,-87.639,Lake View East,Chicago,Cook County
41.922,-87.644,Lincoln Park,Chicago,Cook County
41.937,-87.637,Lake View East,Chicago,Cook County
41.931,-87.644,Lincoln Park,Chicago,Cook County
41.926,-87.639,Lincoln Park,Chicago,Cook County
41.891,-87.627,River North,Chicago,Cook County
41.889,-87.639,River North,Chicago,Cook County
41.894,-87.629,River North,Chicago,Cook County
41.89,-87.65,West Town,Chicago,Cook County
41.909,-87.678,West Town,Chicago,Cook County
41.897,-87.629,Rush & Division,Chicago,Cook County
41.944,-87.649,Lake View East,Chicago,Cook County
41.903,-87.668,West Town,Chicago,Cook County
41.882,-87.649,West Loop,Chicago,Cook County
41.891,-87.632,River North,Chicago,Cook County
41.895,-87.634,River North,Chicago,Cook County
41.89,-87.634,River North,Chicago,Cook County
41.949,-87.649,Lake View East,Chicago,Cook County
41.929,-87.649,Sheffield & DePaul,Chicago,Cook County
41.944,-87.664,Lake View,Chicago,Cook County
41.882,-87.641,West Loop,Chicago,Cook County
41.945,-87.655,Lake View East,Chicago,Cook County
41.907,-87.635,Near North Side,Chicago,Cook County
41.867,-87.626,Near South Side,Chicago,Cook County
41.899,-87.63,Rush & Division,Chicago,Cook County
41.924,-87.646,Lincoln Park,Chicago,Cook County
41.903,-87.634,Near North,Chicago,Cook County
41.903,-87.631,Rush & Division,Chicago,Cook County
41.91,-87.648,Goose Island,Chicago,Cook County
41.894,-87.623,Streeterville,Chicago,Cook County
41.918,-87.652,Lincoln Park,Chicago,Cook County
41.948,-87.664,Wrigleyville,Chicago,Cook County
41.886,-87.651,Fulton Market District,Chicago,Cook County
41.929,-87.654,Sheffield & DePaul,Chicago,Cook County
41.866,-87.607,Near South Side,Chicago,Cook County
41.91,-87.63,Gold Coast,Chicago,Cook County
41.893,-87.617,Streeterville,Chicago,Cook County
41.946,-87.646,Lake View East,Chicago,Cook County
41.926,-87.654,Sheffield & DePaul,Chicago,Cook County
41.883,-87.641,West Loop,Chicago,Cook County
41.908,-87.632,Near North Side,Chicago,Cook County
41.89,-87.63,River North,Chicago,Cook County
41.93,-87.64,Lincoln Park,Chicago,Cook County
41.954,-87.654,Lake View East,Chicago,Cook County
41.931,-87.639,Lincoln Park,Chicago,Cook County
41.936,-87.653,Lake View East,Chicago,Cook County
41.984,-87.652,Edgewater,Chicago,Cook County
41.932,-87.653,Sheffield & DePaul,Chicago,Cook County
41.949,-87.646,Lake View East,Chicago,Cook County
41.889,-87.644,West Town,Chicago,Cook County
41.91,-87.67,West Town,Chicago,Cook County
41.872,-87.63,Chicago Loop,Chicago,Cook County
41.892,-87.621,Streeterville,Chicago,Cook County
41.92,-87.649,Lincoln Park,Chicago,Cook County
41.94,-87.64,Lake View East,Chicago,Cook County
41.873,-87.624,Chicago Loop,Chicago,Cook County
41.884,-87.625,Chicago Loop,Chicago,Cook County
41.886,-87.624,Chicago Loop,Chicago,Cook County
41.894,-87.642,River North,Chicago,Cook County
41.924,-87.636,Lincoln Park,Chicago,Cook County
41.9,-87.63,Rush & Division,Chicago,Cook County
41.954,-87.648,Lake View East,Chicago,Cook County
41.922,-87.654,Sheffield & DePaul,Chicago,Cook County
41.882,-87.64,West Loop,Chicago,Cook County
41.94,-87.65,Lake View East,Chicago,Cook County
41.878,-87.624,Chicago Loop,Chicago,Cook County
41.902,-87.628,Gold Coast,Chicago,Cook County
41.885,-87.628,Chicago Loop,Chicago,Cook County
41.891,-87.619,Streeterville,Chicago,Cook County
41.973,-87.668,Uptown,Chicago,Cook County
41.933,-87.648,Lake View East,Chicago,Cook County
41.953,-87.65,Lake View East,Chicago,Cook County
41.92,-87.63,Lincoln Park,Chicago,Cook County
41.912,-87.632,Lincoln Park,Chicago,Cook County
41.93,-87.708,Logan Square,Chicago,Cook County
41.8,-87.595,Hyde Park,Chicago,Cook County
41.94,-87.645,Lake View East,Chicago,Cook County
41.94,-87.659,Lake View,Chicago,Cook County
41.88,-87.63,Chicago Loop,Chicago,Cook County
41.911,-87.639,Near North Side,Chicago,Cook County
41.879,-87.64,West Loop,Chicago,Cook County
41.922,-87.639,Lincoln Park,Chicago,Cook County
41.962,-87.655,Uptown,Chicago,Cook County
41.897,-87.636,Near North,Chicago,Cook County
41.916,-87.677,Bucktown,Chicago,Cook County
41.932,-87.659,Lincoln Park,Chicago,Cook County
41.969,-87.674,Ravenswood,Chicago,Cook County
41.9,-87.62,Streeterville,Chicago,Cook County
41.907,-87.626,Gold Coast,Chicago,Cook County
41.951,-87.659,Wrigleyville,Chicago,Cook County
41.898,-87.643,Cabrini-Green,Chicago,Cook County
41.949,-87.655,Lake View East,Chicago,Cook County
41.923,-87.697,Logan Square,Chicago,Cook County
41.887,-87.626,Chicago Loop,Chicago,Cook County
41.871,-87.626,Chicago Loop,Chicago,Cook County
41.95,-87.65,Lake View East,Chicago,Cook County
41.897,-87.622,Streeterville,Chicago,Cook County
41.892,-87.648,West Town,Chicago,Cook County
41.936,-87.648,Lake View East,Chicago,Cook County
41.89,-87.62,Streeterville,Chicago,Cook County
41.939,-87.664,Lake View,Chicago,Cook County
41.886,-87.631,Chicago Loop,Chicago,Cook County
41.95,-87.66,Wrigleyville,Chicago,Cook County
41.891,-87.635,River North,Chicago,Cook County
41.911,-87.653,Lincoln Park,Chicago,Cook County
41.896,-87.626,River North,Chicago,Cook County
41.91,-87.68,West Town,Chicago,Cook County
41.929,-87.664,Lincoln Park,Chicago,Cook County
41.897,-87.631,Rush & Division,Chicago,Cook County
41.908,-87.673,West Town,Chicago,Cook County
41.88,-87.62,Chicago Loop,Chicago,Cook County
41.914,-87.649,Lincoln Park,Chicago,Cook County
41.903,-87.674,West Town,Chicago,Cook County
41.913,-87.681,West Town,Chicago,Cook County
41.794,-87.601,Hyde Park,Chicago,Cook County
41.795,-87.581,East Hyde Park,Chicago,Cook County
41.925,-87.666,Lincoln Park,Chicago,Cook County
41.99,-87.66,Edgewater,Chicago,Cook County
41.881,-87.63,Chicago Loop,Chicago,Cook County
41.89,-87.61,Streeterville,Chicago,Cook County
41.88,-87.65,West Loop,Chicago,Cook County
41.853,-87.632,Armour Square,Chicago,Cook County
41.878,-87.641,West Loop,Chicago,Cook County
41.914,-87.653,Lincoln Park,Chicago,Cook County
41.889,-87.627,River North,Chicago,Cook County
41.791,-87.6,Hyde Park,Chicago,Cook County
41.92,-87.65,Lincoln Park,Chicago,Cook County
41.872,-87.662,Little Italy,Chicago,Cook County
41.882,-87.625,Chicago Loop,Chicago,Cook County
41.895,-87.632,River North,Chicago,Cook County
41.936,-87.664,Lake View,Chicago,Cook County
41.857,-87.614,Near South Side,Chicago,Cook County
41.878,-87.635,Chicago Loop,Chicago,Cook County
41.93,-87.65,Sheffield & DePaul,Chicago,Cook County
41.896,-87.677,West Town,Chicago,Cook County
41.864,-87.624,Near South Side,Chicago,Cook County
41.896,-87.654,West Town,Chicago,Cook County
41.926,-87.658,Sheffield & DePaul,Chicago,Cook County
41.886,-87.642,West Loop,Chicago,Cook County
41.921,-87.664,Lincoln Park,Chicago,Cook County
41.884,-87.654,Fulton Market District,Chicago,Cook County
41.899,-87.622,Streeterville,Chicago,Cook County
41.878,-87.65,West Loop,Chicago,Cook County
41.961,-87.65,Uptown,Chicago,Cook County
41.903,-87.632,Near North,Chicago,Cook County
41.885,-87.62,Chicago Loop,Chicago,Cook County
41.916,-87.687,Bucktown,Chicago,Cook County
41.895,-87.638,River North,Chicago,Cook County
41.884,-87.649,Fulton Market District,Chicago,Cook County
41.88,-87.635,Chicago Loop,Chicago,Cook County
41.965,-87.658,Uptown,Chicago,Cook County
41.911,-87.649,Goose Island,Chicago,Cook County
41.895,-87.618,Streeterville,Chicago,Cook County
41.785,-87.601,Woodlawn,Chicago,Cook County
41.878,-87.655,West Loop,Chicago,Cook County
41.92,-87.7,Logan Square,Chicago,Cook County
41.966,-87.645,Uptown,Chicago,Cook County
41.907,-87.667,Pulaski Park,Chicago,Cook County
41.872,-87.647,Little Italy,Chicago,Cook County
41.918,-87.657,Lincoln Park,Chicago,Cook County
41.884,-87.63,Chicago Loop,Chicago,Cook County
41.958,-87.65,Uptown,Chicago,Cook County
41.903,-87.635,Near North,Chicago,Cook County
41.886,-87.618,Chicago Loop,Chicago,Cook County
41.869,-87.655,Little Italy,Chicago,Cook County
41.885,-87.632,Chicago Loop,Chicago,Cook County
41.858,-87.619,Near South Side,Chicago,Cook County
41.858,-87.625,Near South Side,Chicago,Cook County
41.91,-87.62,Lincoln Park,Chicago,Cook County
41.878,-87.644,West Loop,Chicago,Cook County
41.88,-87.64,West Loop,Chicago,Cook County
41.974,-87.66,Uptown,Chicago,Cook County
41.896,-87.661,West Town,Chicago,Cook County
41.89,-87.626,River North,Chicago,Cook County
41.873,-87.634,Chicago Loop,Lake Geneva,Cook County
41.883,-87.651,West Loop,Chicago,Cook County
41.887,-87.622,Chicago Loop,Chicago,Cook County
41.972,-87.65,Uptown,Chicago,Cook County
41.878,-87.632,Chicago Loop,Chicago,Cook County
41.892,-87.659,West Town,Chicago,Cook County
41.872,-87.651,Little Italy,Chicago,Cook County
41.886,-87.635,Chicago Loop,Chicago,Cook County
41.865,-87.618,Near South Side,Chicago,Cook County
41.876,-87.624,Chicago Loop,Chicago,Cook County
41.865,-87.647,Little Italy,Chicago,Cook County
41.895,-87.653,West Town,Chicago,Cook County
41.943,-87.671,Lake View,Chicago,Cook County
41.877,-87.628,Chicago Loop,Chicago,Cook County
41.949,-87.654,Lake View East,Chicago,Cook County
41.984,-87.669,Andersonville,Chicago,Cook County
41.87,-87.624,Chicago Loop,Chicago,Cook County
41.918,-87.644,Lincoln Park,Chicago,Cook County
41.915,-87.668,Bucktown,Chicago,Cook County
41.883,-87.661,Fulton Market District,Chicago,Cook County
41.885,-87.645,West Loop,Chicago,Cook County
41.9,-87.634,Near North,Chicago,Cook County
41.927,-87.634,Lincoln Park,Chicago,Cook County
41.839,-87.608,Douglas,Chicago,Cook County
41.898,-87.638,Near North Side,Chicago,Cook County
41.883,-87.649,West Loop,Chicago,Cook County
41.901,-87.663,West Town,Chicago,Cook County
41.92,-87.64,Lincoln Park,Chicago,Cook County
41.903,-87.643,Cabrini-Green,Chicago,Cook County
41.867,-87.641,Near West Side,Chicago,Cook County
41.891,-87.622,Streeterville,Chicago,Cook County
41.874,-87.628,Chicago Loop,Chicago,Cook County
41.967,-87.667,Sheridan Park,Chicago,Cook County
41.802,-87.587,East Hyde Park,Chicago,Cook County
41.995,-87.66,Edgewater,Chicago,Cook County
41.8,-87.59,Hyde Park,Chicago,Cook County
41.93,-87.71,Logan Square,Chicago,Cook County
41.896,-87.672,West Town,Chicago,Cook County
41.88,-87.656,West Loop,Chicago,Cook County
41.916,-87.667,Bucktown,Chicago,Cook County
41.978,-87.66,Edgewater,Chicago,Cook County
41.951,-87.669,Lake View,Chicago,Cook County
41.89,-87.64,West Town,Chicago,Cook County
41.9,-87.643,Cabrini-Green,Chicago,Cook County
41.954,-87.664,Wrigleyville,Chicago,Cook County
41.968,-87.65,Uptown,Chicago,Cook County
41.966,-87.689,Lincoln Square,Chicago,Cook County
41.898,-87.687,West Town,Chicago,Cook County
41.958,-87.655,Uptown,Chicago,Cook County
41.984,-87.66,Edgewater,Chicago,Cook County
41.9,-87.69,West Town,Chicago,Cook County
41.929,-87.659,Lincoln Park,Chicago,Cook County
41.96,-87.65,Uptown,Chicago,Cook County
41.795,-87.596,Hyde Park,Chicago,Cook County
41.888,-87.636,River North,Chicago,Cook County
41.873,-87.669,Near West Side,Chicago,Cook County
41.9,-87.697,West Town,Chicago,Cook County
41.962,-87.666,Sheridan Park,Chicago,Cook County
41.86,-87.626,Near South Side,Chicago,Cook County
41.879,-87.626,Chicago Loop,Chicago,Cook County
41.871,-87.631,Chicago Loop,Chicago,Cook County
41.94,-87.66,Lake View,Chicago,Cook County
41.89,-87.637,River North,Chicago,Cook County
41.898,-87.624,Streeterville,Chicago,Cook County
41.835,-87.626,Douglas,Chicago,Cook County
41.9,-87.668,West Town,Chicago,Cook County
41.842,-87.617,Douglas,Chicago,Cook County
41.903,-87.678,West Town,Chicago,Cook County
41.875,-87.633,Chicago Loop,Chicago,Cook County
41.905,-87.641,Cabrini-Green,Chicago,Cook County
41.936,-87.67,Lake View,Chicago,Cook County
41.93,-87.63,Lincoln Park,Chicago,Cook County
41.92,-87.69,Logan Square,Chicago,Cook County
41.933,-87.666,Lake View,Chicago,Cook County
41.858,-87.656,Lower West Side,Chicago,Cook County
41.88,-87.643,West Loop,Chicago,Cook County
41.95,-87.64,Lake View,Chicago,Cook County
41.943,-87.68,Roscoe Village,Chicago,Cook County
41.869,-87.659,Little Italy,Chicago,Cook County
41.911,-87.69,West Town,Chicago,Cook County
41.87,-87.639,Near West Side,Chicago,Cook County
41.92,-87.678,Bucktown,Chicago,Cook County
41.79,-87.6,Hyde Park,Chicago,Cook County
41.793,-87.588,Hyde Park,Chicago,Cook County
41.879,-87.636,Chicago Loop,Chicago,Cook County
41.9,-87.68,West Town,Chicago,Cook County
41.929,-87.669,Lincoln Park,Chicago,Cook County
41.91,-87.65,Goose Island,Chicago,Cook County
41.901,-87.677,West Town,Chicago,Cook County
41.891,-87.667,West Town,Chicago,Cook County
41.875,-87.65,Near West Side,Chicago,Cook County
41.969,-87.658,Uptown,Chicago,Cook County
41.93,-87.66,Lincoln Park,Chicago,Cook County
41.9,-87.67,West Town,Chicago,Cook County
41.96,-87.64,Uptown,Chicago,Cook County
41.918,-87.702,Logan Square,Chicago,Cook County
41.978,-87.669,Andersonville,Chicago,Cook County
41.891,-87.618,Streeterville,Chicago,Cook County
41.871,-87.674,Near West Side,Chicago,Cook County
41.879,-87.63,Chicago Loop,Chicago,Cook County
41.94,-87.67,Lake View,Chicago,Cook County
41.858,-87.651,Lower West Side,Chicago,Cook County
41.838,-87.645,Bridgeport,Chicago,Cook County
41.98,-87.65,Edgewater,Chicago,Cook County
41.886,-87.667,West Loop,Chicago,Cook County
41.877,-87.639,West Loop,Chicago,Cook County
41.883,-87.657,West Loop,Chicago,Cook County
41.878,-87.662,West Loop,Chicago,Cook County
41.889,-87.638,River North,Chicago,Cook County
41.963,-87.685,Lincoln Square,Chicago,Cook County
41.883,-87.637,Chicago Loop,Chicago,Cook County
41.867,-87.632,Near South Side,Chicago,Cook County
41.876,-87.631,Chicago Loop,Chicago,Cook County
41.929,-87.684,Bucktown,Chicago,Cook County
41.895,-87.668,West Town,Chicago,Cook County
41.87,-87.62,Chicago Loop,Chicago,Cook County
41.917,-87.71,Logan Square,Chicago,Cook County
41.789,-87.601,Hyde Park,Chicago,Cook County
41.936,-87.678,Hamlin Park,Chicago,Cook County
41.888,-87.637,River North,Chicago,Cook County
41.956,-87.68,North Center,Chicago,Cook County
41.914,-87.705,Logan Square,Chicago,Cook County
41.896,-87.62,Streeterville,Chicago,Cook County
41.851,-87.619,Near South Side,Chicago,Cook County
41.87,-87.63,Chicago Loop,Chicago,Cook County
41.91,-87.644,Goose Island,Chicago,Cook County
41.903,-87.687,West Town,Chicago,Cook County
41.875,-87.657,Little Italy,Chicago,Cook County
41.869,-87.686,Tri-Taylor,Chicago,Cook County
41.899,-87.672,West Town,Chicago,Cook County
41.978,-87.668,Andersonville,Chicago,Cook County
41.915,-87.643,Lincoln Park,Chicago,Cook County
41.961,-87.676,North Center,Chicago,Cook County
41.98,-87.67,Andersonville,Chicago,Cook County
41.884,-87.624,Chicago Loop,Chicago,Cook County
41.93,-87.69,Logan Square,Chicago,Cook County
41.94,-87.671,Lake View,Chicago,Cook County
41.903,-87.638,Near North Side,Chicago,Cook County
41.876,-87.629,Chicago Loop,Chicago,Cook County
41.799,-87.586,East Hyde Park,Chicago,Cook County
41.883,-87.633,Chicago Loop,Chicago,Cook County
41.955,-87.674,North Center,Chicago,Cook County
41.884,-87.657,Fulton Market District,Chicago,Cook County
41.967,-87.679,Lincoln Square,Chicago,Cook County
41.92,-87.693,Logan Square,Chicago,Cook County
41.854,-87.619,Near South Side,Chicago,Cook County
41.91,-87.69,West Town,Chicago,Cook County
41.792,-87.584,Jackson Park,Chicago,Cook County
41.799,-87.601,Hyde Park,Chicago,Cook County
41.89,-87.66,West Town,Chicago,Cook County
41.867,-87.649,Little Italy,Chicago,Cook County
41.918,-87.682,Bucktown,Chicago,Cook County
41.939,-87.683,Hamlin Park,Chicago,Cook County
41.93,-87.7,Logan Square,Chicago,Cook County
41.835,-87.618,Douglas,Chicago,Cook County
41.97,-87.65,Uptown,Chicago,Cook County
41.91,-87.697,West Town,Chicago,Cook County
41.97,-87.655,Uptown,Chicago,Cook County
41.949,-87.675,North Center,Chicago,Cook County
41.976,-87.679,Lincoln Square,Chicago,Cook County
41.92,-87.66,Lincoln Park,Chicago,Cook County
41.903,-87.684,West Town,Chicago,Cook County
41.878,-87.649,West Loop,Chicago,Cook County
41.932,-87.678,Lincoln Park,Chicago,Cook County
41.922,-87.707,Logan Square,Chicago,Cook County
41.862,-87.651,Little Italy,Chicago,Cook County
41.9,-87.64,Cabrini-Green,Chicago,Cook County
41.88,-87.66,West Loop,Chicago,Cook County
41.869,-87.674,Near West Side,Chicago,Cook County
41.95,-87.69,North Center,Chicago,Cook County
41.887,-87.658,Fulton Market District,Chicago,Cook County
41.98,-87.66,Edgewater,Chicago,Cook County
41.803,-87.59,Kenwood,Chicago,Cook County
41.91,-87.7,West Town,Chicago,Cook County
41.944,-87.671,Lake View,Chicago,Cook County
41.97,-87.67,Ravenswood,Chicago,Cook County
41.97,-87.66,Uptown,Chicago,Cook County
41.927,-87.698,Logan Square,Chicago,Cook County
41.946,-87.673,Lake View,Chicago,Cook County
41.858,-87.669,Lower West Side,Chicago,Cook County
41.94,-87.69,Roscoe Village,Chicago,Cook County
42.001,-87.661,Rogers Park,Chicago,Cook County
41.904,-87.643,Cabrini-Green,Chicago,Cook County
41.918,-87.691,Logan Square,Chicago,Cook County
41.92,-87.72,Logan Square,Chicago,Cook County
41.943,-87.687,Roscoe Village,Chicago,Cook County
41.892,-87.677,West Town,Chicago,Cook County
41.91,-87.71,Humboldt Park,Chicago,Cook County
41.872,-87.661,Little Italy,Chicago,Cook County
41.963,-87.679,Lincoln Square,Chicago,Cook County
41.914,-87.717,Logan Square,Chicago,Cook County
41.872,-87.67,Near West Side,Chicago,Cook County
41.93,-87.72,Logan Square,Chicago,Cook County
41.8,-87.6,Hyde Park,Chicago,Cook County
41.858,-87.646,East Pilsen,Chicago,Cook County
41.944,-87.655,Lake View East,Chicago,Cook County
41.937,-87.648,Lake View East,Chicago,Cook County
42.048,-87.683,NA,Evanston,Cook County
41.876,-87.641,Near West Side,Chicago,Cook County
41.911,-87.682,West Town,Chicago,Cook County
41.92,-87.67,Bucktown,Chicago,Cook County
41.925,-87.689,Logan Square,Chicago,Cook County
41.885,-87.642,West Loop,Chicago,Cook County
41.831,-87.627,Park Boulevard,Chicago,Cook County
41.92,-87.71,Logan Square,Chicago,Cook County
41.95,-87.71,Irving Park,Chicago,Cook County
41.961,-87.695,North Center,Chicago,Cook County
41.924,-87.676,Bucktown,Chicago,Cook County
41.855,-87.676,Lower West Side,Chicago,Cook County
41.908,-87.686,West Town,Chicago,Cook County
41.958,-87.649,Uptown,Chicago,Cook County
41.874,-87.64,Near West Side,Chicago,Cook County
41.913,-87.664,West Town,Chicago,Cook County
41.92,-87.68,Bucktown,Chicago,Cook County
41.938,-87.698,Avondale,Chicago,Cook County
41.958,-87.674,Lake View,Chicago,Cook County
41.93,-87.67,Lincoln Park,Chicago,Cook County
41.96,-87.7,Irving Park,Chicago,Cook County
41.89,-87.622,Streeterville,Chicago,Cook County
41.875,-87.673,Near West Side,Chicago,Cook County
41.886,-87.625,Chicago Loop,Chicago,Cook County
41.93,-87.68,Lathrop Homes,Chicago,Cook County
41.875,-87.686,Tri-Taylor,Chicago,Cook County
41.89,-87.671,West Town,Chicago,Cook County
41.991,-87.67,Magnolia Glen,Chicago,Cook County
41.879,-87.632,Chicago Loop,Chicago,Cook County
41.935,-87.717,Avondale,Chicago,Cook County
41.97,-87.69,Lincoln Square,Chicago,Cook County
41.957,-87.664,Lake View,Chicago,Cook County
41.94,-87.68,Roscoe Village,Chicago,Cook County
41.91,-87.64,Near North Side,Chicago,Cook County
41.947,-87.695,North Center,Chicago,Cook County
41.95,-87.67,Lake View,Chicago,Cook County
41.999,-87.671,Rogers Park,Chicago,Cook County
41.91,-87.705,West Town,Chicago,Cook County
41.9,-87.7,West Town,Chicago,Cook County
41.926,-87.659,Lincoln Park,Chicago,Cook County
41.903,-87.697,West Town,Chicago,Cook County
42.009,-87.674,Rogers Park,Chicago,Cook County
41.932,-87.701,Logan Square,Chicago,Cook County
41.858,-87.641,East Pilsen,Chicago,Cook County
41.858,-87.662,Lower West Side,Chicago,Cook County
41.949,-87.647,Lake View East,Chicago,Cook County
41.956,-87.669,Lake View,Chicago,Cook County
41.94,-87.646,Lake View East,Chicago,Cook County
41.962,-87.671,Ravenswood,Chicago,Cook County
41.973,-87.655,Uptown,Chicago,Cook County
41.9,-87.66,West Town,Chicago,Cook County
41.838,-87.635,Armour Square,Chicago,Cook County
41.947,-87.683,North Center,Chicago,Cook County
41.855,-87.664,Lower West Side,Chicago,Cook County
41.908,-87.672,West Town,Chicago,Cook County
42.016,-87.669,Rogers Park,Chicago,Cook County
41.79,-87.59,Hyde Park,Chicago,Cook County
41.908,-87.639,Near North Side,Chicago,Cook County
41.809,-87.592,Kenwood,Chicago,Cook County
41.881,-87.675,Near West Side,Chicago,Cook County
41.838,-87.651,Bridgeport,Chicago,Cook County
41.969,-87.696,Lincoln Square,Chicago,Cook County
41.966,-87.694,Ravenswood Gardens,Chicago,Cook County
42.058,-87.677,NA,Evanston,Cook County
41.857,-87.634,Armour Square,Chicago,Cook County
41.962,-87.691,Lincoln Square,Chicago,Cook County
41.896,-87.682,West Town,Chicago,Cook County
42.05,-87.678,NA,Evanston,Cook County
41.94,-87.7,Avondale,Chicago,Cook County
41.952,-87.698,Irving Park,Chicago,Cook County
41.969,-87.684,Lincoln Square,Chicago,Cook County
41.886,-87.617,Chicago Loop,Chicago,Cook County
41.918,-87.697,Logan Square,Chicago,Cook County
41.91,-87.682,West Town,Chicago,Cook County
42.033,-87.679,NA,Evanston,Cook County
41.939,-87.712,Avondale,Chicago,Cook County
41.99,-87.67,Magnolia Glen,Chicago,Cook County
41.835,-87.632,Armour Square,Chicago,Cook County
41.903,-87.709,Humboldt Park,Chicago,Cook County
41.925,-87.714,Logan Square,Chicago,Cook County
42.005,-87.661,Rogers Park,Chicago,Cook County
41.939,-87.671,Lake View,Chicago,Cook County
41.96,-87.68,North Center,Chicago,Cook County
41.975,-87.693,Lincoln Square,Chicago,Cook County
41.882,-87.639,West Loop,Chicago,Cook County
41.886,-87.677,Near West Side,Chicago,Cook County
41.97,-87.7,Lincoln Square,Chicago,Cook County
41.93,-87.79,Belmont Cragin,Chicago,Cook County
42.008,-87.666,Rogers Park,Chicago,Cook County
41.95,-87.7,Irving Park,Chicago,Cook County
41.941,-87.678,Roscoe Village,Chicago,Cook County
41.831,-87.609,Oakland,Chicago,Cook County
41.839,-87.622,South Commons,Chicago,Cook County
41.857,-87.662,Lower West Side,Chicago,Cook County
41.788,-87.588,East Hyde Park,Chicago,Cook County
41.844,-87.645,Bridgeport,Chicago,Cook County
41.861,-87.657,Little Italy,Chicago,Cook County
41.831,-87.647,Bridgeport,Chicago,Cook County
41.98,-87.682,Lincoln Square,Chicago,Cook County
41.976,-87.701,Lincoln Square,Chicago,Cook County
41.89,-87.68,West Town,Chicago,Cook County
41.94,-87.71,Avondale,Chicago,Cook County
41.96,-87.66,Uptown,Chicago,Cook County
41.961,-87.649,Uptown,Chicago,Cook County
41.86,-87.61,Near South Side,Chicago,Cook County
41.93,-87.76,Belmont Cragin,Chicago,Cook County
41.89,-87.67,West Town,Chicago,Cook County
41.87,-87.64,Near West Side,Chicago,Cook County
41.945,-87.707,Avondale,Chicago,Cook County
41.855,-87.654,Lower West Side,Chicago,Cook County
41.98,-87.678,Lincoln Square,Chicago,Cook County
41.92,-87.75,Belmont Cragin,Chicago,Cook County
41.968,-87.712,Albany Park,Chicago,Cook County
42.011,-87.662,Rogers Park,Chicago,Cook County
41.857,-87.628,Near South Side,Chicago,Cook County
41.853,-87.626,Near South Side,Chicago,Cook County
41.961,-87.706,Irving Park,Chicago,Cook County
41.877,-87.64,West Loop,Chicago,Cook County
41.94,-87.63,Lake View,Chicago,Cook County
41.954,-87.686,North Center,Chicago,Cook County
41.85,-87.632,Armour Square,Chicago,Cook County
42.021,-87.665,Rogers Park,Chicago,Cook County
41.87,-87.66,Little Italy,Chicago,Cook County
42.019,-87.674,Rogers Park,Chicago,Cook County
41.8,-87.58,Hyde Park,Chicago,Cook County
41.91,-87.66,West Town,Chicago,Cook County
41.96,-87.69,North Center,Chicago,Cook County
41.899,-87.623,Streeterville,Chicago,Cook County
41.96,-87.71,Irving Park,Chicago,Cook County
41.88,-87.686,Near West Side,Chicago,Cook County
41.892,-87.627,River North,Chicago,Cook County
41.931,-87.724,Logan Square,Chicago,Cook County
41.885,-87.644,West Loop,Chicago,Cook County
41.95,-87.68,North Center,Chicago,Cook County
41.8,-87.586,East Hyde Park,Chicago,Cook County
41.895,-87.635,River North,Chicago,Cook County
41.87,-87.67,Near West Side,Chicago,Cook County
41.847,-87.647,Bridgeport,Chicago,Cook County
41.9,-87.65,Goose Island,Chicago,Cook County
41.894,-87.618,Streeterville,Chicago,Cook County
41.96,-87.67,Lake View,Chicago,Cook County
41.865,-87.667,Near West Side,Chicago,Cook County
41.892,-87.689,West Town,Chicago,Cook County
41.95,-87.714,Irving Park,Chicago,Cook County
41.884,-87.648,Fulton Market District,Chicago,Cook County
41.878,-87.674,Near West Side,Chicago,Cook County
42.004,-87.672,Rogers Park,Chicago,Cook County
41.99,-87.65,Edgewater,Chicago,Cook County
41.86,-87.65,Little Italy,Chicago,Cook County
41.941,-87.679,Roscoe Village,Chicago,Cook County
41.966,-87.701,Albany Park,Chicago,Cook County
41.886,-87.636,Chicago Loop,Chicago,Cook County
41.953,-87.732,Old Irving Park,Chicago,Cook County
41.872,-87.624,Chicago Loop,Chicago,Cook County
41.94,-87.72,Avondale,Chicago,Cook County
41.97,-87.64,Uptown,Chicago,Cook County
41.903,-87.679,West Town,Chicago,Cook County
42.053,-87.673,NA,Evanston,Cook County
41.88,-87.67,Near West Side,Chicago,Cook County
41.884,-87.628,Chicago Loop,Chicago,Cook County
41.98,-87.69,Lincoln Square,Chicago,Cook County
41.81,-87.599,Kenwood,Chicago,Cook County
41.836,-87.614,Douglas,Chicago,Cook County
41.939,-87.724,Avondale,Chicago,Cook County
41.831,-87.618,Douglas,Chicago,Cook County
41.96,-87.63,Uptown,Chicago,Cook County
41.86,-87.62,Near South Side,Chicago,Cook County
41.854,-87.647,Lower West Side,Chicago,Cook County
41.898,-87.623,Streeterville,Chicago,Cook County
41.94,-87.75,Portage Park,Chicago,Cook County
41.87,-87.61,Near South Side,Chicago,Cook County
41.97,-87.68,Lincoln Square,Chicago,Cook County
41.879,-87.635,Chicago Loop,Chicago,Cook County
41.884,-87.62,Chicago Loop,Chicago,Cook County
41.78,-87.6,Woodlawn,Chicago,Cook County
41.8,-87.7,Gage Park,Chicago,Cook County
41.885,-87.631,Chicago Loop,Chicago,Cook County
41.88,-87.626,Chicago Loop,Chicago,Cook County
41.898,-87.622,Streeterville,Chicago,Cook County
41.92,-87.74,Hermosa,Chicago,Cook County
41.945,-87.646,Lake View East,Chicago,Cook County
41.892,-87.617,Streeterville,Chicago,Cook County
41.86,-87.66,Little Italy,Chicago,Cook County
41.969,-87.655,Uptown,Chicago,Cook County
41.766,-87.566,South Shore,Chicago,Cook County
41.907,-87.656,Goose Island,Chicago,Cook County
41.831,-87.641,Bridgeport,Chicago,Cook County
41.843,-87.635,Armour Square,Chicago,Cook County
41.93,-87.74,Belmont Gardens,Chicago,Cook County
41.838,-87.608,Douglas,Chicago,Cook County
41.93,-87.77,Belmont Central,Chicago,Cook County
42.008,-87.665,Rogers Park,Chicago,Cook County
41.935,-87.664,Lake View,Chicago,Cook County
41.889,-87.688,West Town,Chicago,Cook County
41.92,-87.73,Hermosa,Chicago,Cook County
41.837,-87.613,Douglas,Chicago,Cook County
41.959,-87.655,Uptown,Chicago,Cook County
41.86,-87.63,Near South Side,Chicago,Cook County
41.919,-87.697,Logan Square,Chicago,Cook County
41.919,-87.652,Lincoln Park,Chicago,Cook County
41.95,-87.76,Portage Park,Chicago,Cook County
41.803,-87.607,Bronzeville,Chicago,Cook County
41.87,-87.65,Little Italy,Chicago,Cook County
42,-87.67,Rogers Park,Chicago,Cook County
41.892,-87.62,Streeterville,Chicago,Cook County
41.883,-87.632,Chicago Loop,Chicago,Cook County
42.013,-87.666,Rogers Park,Chicago,Cook County
41.94,-87.73,Irving Park,Chicago,Cook County
41.93,-87.75,Belmont Cragin,Chicago,Cook County
41.87,-87.69,Tri-Taylor,Chicago,Cook County
41.967,-87.708,East Albany Park,Chicago,Cook County
41.9,-87.71,Humboldt Park,Chicago,Cook County
41.831,-87.633,Armour Square,Chicago,Cook County
41.846,-87.622,Near South Side,Chicago,Cook County
41.85,-87.63,South Loop,Chicago,Cook County
41.88,-87.636,Chicago Loop,Chicago,Cook County
41.795,-87.619,Washington Park,Chicago,Cook County
41.852,-87.619,Near South Side,Chicago,Cook County
41.884,-87.629,Chicago Loop,Chicago,Cook County
42,-87.66,Rogers Park,Chicago,Cook County
41.925,-87.728,Belmont Gardens,Chicago,Cook County
41.908,-87.631,Gold Coast,Chicago,Cook County
41.82,-87.6,Oakland,Chicago,Cook County
41.853,-87.627,Near South Side,Chicago,Cook County
41.889,-87.628,River North,Chicago,Cook County
41.967,-87.668,Ravenswood,Chicago,Cook County
41.899,-87.649,Goose Island,Chicago,Cook County
41.91,-87.72,Humboldt Park,Chicago,Cook County
41.903,-87.628,Gold Coast,Chicago,Cook County
41.885,-87.619,Chicago Loop,Chicago,Cook County
42.019,-87.69,West Ridge,Chicago,Cook County
42.01,-87.67,Rogers Park,Chicago,Cook County
41.814,-87.597,Kenwood,Chicago,Cook County
41.903,-87.698,West Town,Chicago,Cook County
41.781,-87.606,Woodlawn,Chicago,Cook County
41.932,-87.636,Lincoln Park,Chicago,Cook County
41.894,-87.622,Streeterville,Chicago,Cook County
41.933,-87.653,Lake View East,Chicago,Cook County
41.954,-87.719,Irving Park,Chicago,Cook County
41.888,-87.644,West Loop,Chicago,Cook County
41.91,-87.73,Humboldt Park,Chicago,Cook County
41.823,-87.607,Bronzeville,Chicago,Cook County
41.854,-87.686,Marshall Square,Chicago,Cook County
41.895,-87.682,West Town,Chicago,Cook County
41.8,-87.72,West Elsdon,Chicago,Cook County
42,-87.7,West Ridge,Chicago,Cook County
41.82,-87.69,Brighton Park,Chicago,Cook County
41.825,-87.617,Douglas,Chicago,Cook County
41.93,-87.73,Belmont Gardens,Chicago,Cook County
42.009,-87.69,West Ridge,Chicago,Cook County
41.868,-87.632,Chicago Loop,Chicago,Cook County
41.966,-87.646,Uptown,Chicago,Cook County
41.92,-87.77,Belmont Central,Chicago,Cook County
41.92,-87.76,Hanson Park,Chicago,Cook County
41.81,-87.607,Bronzeville,Chicago,Cook County
41.97,-87.71,Albany Park,Chicago,Cook County
41.87,-87.68,Tri-Taylor,Chicago,Cook County
41.79,-87.7,Gage Park,Chicago,Cook County
41.85,-87.69,Marshall Square,Chicago,Cook County
42.02,-87.67,Rogers Park,Chicago,Cook County
41.858,-87.614,Near South Side,Chicago,Cook County
41.884,-87.619,Chicago Loop,Chicago,Cook County
41.91,-87.643,Near North Side,Chicago,Cook County
41.93,-87.78,Belmont Central,Chicago,Cook County
41.893,-87.618,Streeterville,Chicago,Cook County
42.057,-87.687,NA,Evanston,Cook County
41.961,-87.717,Irving Park,Chicago,Cook County
41.84,-87.61,Douglas,Chicago,Cook County
41.842,-87.657,Bridgeport,Chicago,Cook County
41.961,-87.745,Old Irving Park,Chicago,Cook County
41.867,-87.685,Tri-Taylor,Chicago,Cook County
41.946,-87.647,Lake View East,Chicago,Cook County
41.858,-87.624,Near South Side,Chicago,Cook County
41.96,-87.72,Irving Park,Chicago,Cook County
41.99,-87.71,North Park,Chicago,Cook County
41.84,-87.65,Bridgeport,Chicago,Cook County
41.88,-87.68,Near West Side,Chicago,Cook County
41.994,-87.689,West Ridge,Chicago,Cook County
41.83,-87.67,McKinley Park,Chicago,Cook County
41.869,-87.656,Little Italy,Chicago,Cook County
41.88,-87.61,NA,Chicago,Cook County
41.879,-87.641,West Loop,Chicago,Cook County
41.91,-87.717,Humboldt Park,Chicago,Cook County
41.83,-87.61,Bronzeville,Chicago,Cook County
41.9,-87.72,Humboldt Park,Chicago,Cook County
41.89,-87.672,West Town,Chicago,Cook County
42.064,-87.686,NA,Evanston,Cook County
41.898,-87.637,Near North,Chicago,Cook County
41.877,-87.635,Chicago Loop,Chicago,Cook County
41.878,-87.636,Chicago Loop,Chicago,Cook County
41.895,-87.619,Streeterville,Chicago,Cook County
41.901,-87.678,West Town,Chicago,Cook County
41.95,-87.72,Irving Park,Chicago,Cook County
41.792,-87.6,Hyde Park,Chicago,Cook County
42.01,-87.66,Rogers Park,Chicago,Cook County
41.876,-87.625,Chicago Loop,Chicago,Cook County
41.908,-87.638,Near North Side,Chicago,Cook County
41.99,-87.7,West Ridge,Chicago,Cook County
41.854,-87.696,Marshall Square,Chicago,Cook County
41.85,-87.62,Near South Side,Chicago,Cook County
41.781,-87.576,Jackson Park,Chicago,Cook County
41.829,-87.681,McKinley Park,Chicago,Cook County
41.982,-87.709,North Park,Chicago,Cook County
42.016,-87.675,Rogers Park,Chicago,Cook County
42.05,-87.68,NA,Evanston,Cook County
41.806,-87.592,Kenwood,Chicago,Cook County
41.816,-87.607,Bronzeville,Chicago,Cook County
41.839,-87.666,Lower West Side,Chicago,Cook County
41.924,-87.647,Lincoln Park,Chicago,Cook County
41.961,-87.729,Albany Park,Chicago,Cook County
41.947,-87.718,Irving Park,Chicago,Cook County
41.954,-87.709,Irving Park,Chicago,Cook County
42.002,-87.689,West Ridge,Chicago,Cook County
42.064,-87.699,NA,Evanston,Cook County
41.878,-87.631,Chicago Loop,Chicago,Cook County
41.884,-87.696,Garfield Park,Chicago,Cook County
41.976,-87.709,North Park,Chicago,Cook County
41.897,-87.624,Streeterville,Chicago,Cook County
41.895,-87.623,Streeterville,Chicago,Cook County
41.98,-87.68,Lincoln Square,Chicago,Cook County
42.026,-87.684,NA,Evanston,Cook County
41.802,-87.618,Bronzeville,Chicago,Cook County
41.884,-87.641,West Loop,Chicago,Cook County
41.94,-87.74,Irving Park,Chicago,Cook County
41.89,-87.688,West Town,Chicago,Cook County
41.891,-87.626,River North,Chicago,Cook County
41.94,-87.77,Portage Park,Chicago,Cook County
41.89,-87.69,West Town,Chicago,Cook County
41.901,-87.623,Streeterville,Chicago,Cook County
41.96,-87.73,Old Irving Park,Chicago,Cook County
42.01,-87.68,Rogers Park,Chicago,Cook County
41.94,-87.76,Portage Park,Chicago,Cook County
41.918,-87.683,Bucktown,Chicago,Cook County
41.98,-87.7,Lincoln Square,Chicago,Cook County
41.897,-87.623,Streeterville,Chicago,Cook County
41.95,-87.73,Old Irving Park,Chicago,Cook County
41.885,-87.706,Garfield Park,Chicago,Cook County
41.886,-87.622,Chicago Loop,Chicago,Cook County
41.961,-87.671,Lake View,Chicago,Cook County
41.792,-87.608,Washington Park,Chicago,Cook County
41.83,-87.63,Park Boulevard,Chicago,Cook County
41.86,-87.7,North Lawndale,Chicago,Cook County
41.861,-87.656,Little Italy,Chicago,Cook County
41.879,-87.629,Chicago Loop,Chicago,Cook County
41.89,-87.618,Streeterville,Chicago,Cook County
41.894,-87.653,West Town,Chicago,Cook County
41.9,-87.75,Austin,Chicago,Cook County
41.991,-87.684,West Ridge,Chicago,Cook County
41.897,-87.643,Cabrini-Green,Chicago,Cook County
41.846,-87.623,Near South Side,Chicago,Cook County
41.876,-87.63,Chicago Loop,Chicago,Cook County
41.88,-87.69,Near West Side,Chicago,Cook County
41.78,-87.591,Woodlawn,Chicago,Cook County
41.84,-87.62,South Commons,Chicago,Cook County
41.842,-87.627,Dearborn Homes,Chicago,Cook County
41.854,-87.715,North Lawndale,Chicago,Cook County
41.891,-87.636,River North,Chicago,Cook County
41.904,-87.668,West Town,Chicago,Cook County
41.887,-87.623,Chicago Loop,Chicago,Cook County
41.891,-87.631,River North,Chicago,Cook County
41.85,-87.72,South Lawndale,Chicago,Cook County
41.831,-87.656,Bridgeport,Chicago,Cook County
41.898,-87.629,Rush & Division,Chicago,Cook County
41.896,-87.629,River North,Chicago,Cook County
41.95,-87.81,Belmont Heights,Chicago,Cook County
41.984,-87.696,Arcadia Terrace,Chicago,Cook County
42.005,-87.681,West Ridge,Chicago,Cook County
42.005,-87.662,Rogers Park,Chicago,Cook County
42.012,-87.683,West Ridge,Chicago,Cook County
41.817,-87.619,Bronzeville,Chicago,Cook County
41.99,-87.69,Arcadia Terrace,Chicago,Cook County
41.78,-87.72,West Lawn,Chicago,Cook County
41.79,-87.69,Gage Park,Chicago,Cook County
41.865,-87.657,Little Italy,Chicago,Cook County
42,-87.69,West Ridge,Chicago,Cook County
41.85,-87.641,Armour Square,Chicago,Cook County
41.91,-87.74,Humboldt Park,Chicago,Cook County
41.883,-87.638,Chicago Loop,Chicago,Cook County
42.013,-87.674,Rogers Park,Chicago,Cook County
41.84,-87.72,South Lawndale,Chicago,Cook County
41.88,-87.71,Garfield Park,Chicago,Cook County
41.893,-87.677,West Town,Chicago,Cook County
41.774,-87.568,South Shore,Chicago,Cook County
41.871,-87.641,Near West Side,Chicago,Cook County
41.81,-87.6,Kenwood,Chicago,Cook County
41.85,-87.68,Lower West Side,Chicago,Cook County
41.849,-87.676,Lower West Side,Chicago,Cook County
41.894,-87.63,River North,Chicago,Cook County
41.918,-87.692,Logan Square,Chicago,Cook County
41.98,-87.716,North Park,Chicago,Cook County
41.722,-87.623,West Chesterfield,Chicago,Cook County
41.78,-87.63,Greater Grand Crossing,Chicago,Cook County
41.914,-87.668,West Town,Chicago,Cook County
42.04,-87.699,NA,Evanston,Cook County
41.884,-87.632,Chicago Loop,Chicago,Cook County
41.945,-87.647,Lake View East,Chicago,Cook County
41.83,-87.68,McKinley Park,Chicago,Cook County
41.895,-87.706,Humboldt Park,Chicago,Cook County
41.895,-87.626,River North,Chicago,Cook County
41.92,-87.79,Belmont Cragin,Chicago,Cook County
41.925,-87.715,Logan Square,Chicago,Cook County
41.79,-87.58,Jackson Park,Chicago,Cook County
41.82,-87.7,Brighton Park,Chicago,Cook County
41.86,-87.68,Near West Side,Chicago,Cook County
41.93,-87.8,Montclare,Chicago,Cook County
41.961,-87.736,Irving Park,Chicago,Cook County
42.01,-87.71,West Ridge,Lincolnwood,Cook County
41.961,-87.655,Uptown,Chicago,Cook County
41.858,-87.62,Near South Side,Chicago,Cook County
41.89,-87.7,Humboldt Park,Chicago,Cook County
41.86,-87.67,Near West Side,Chicago,Cook County
41.946,-87.731,Irving Park,Chicago,Cook County
41.95,-87.75,Portage Park,Chicago,Cook County
41.84,-87.66,Bridgeport,Chicago,Cook County
41.85,-87.67,Lower West Side,Chicago,Cook County
41.892,-87.618,Streeterville,Chicago,Cook County
42.04,-87.68,NA,Evanston,Cook County
41.94,-87.79,Schorsch Village,Chicago,Cook County
42.048,-87.684,NA,Evanston,Cook County
41.88,-87.632,Chicago Loop,Chicago,Cook County
41.921,-87.673,Bucktown,Chicago,Cook County
41.751,-87.624,Greater Grand Crossing,Chicago,Cook County
41.883,-87.642,West Loop,Chicago,Cook County
41.91,-87.75,Austin,Chicago,Cook County
42.019,-87.685,West Ridge,Chicago,Cook County
41.81,-87.7,Brighton Park,Chicago,Cook County
41.929,-87.643,Lincoln Park,Chicago,Cook County
41.86,-87.64,Near West Side,Chicago,Cook County
41.881,-87.636,Chicago Loop,Chicago,Cook County
41.81,-87.59,Kenwood,Chicago,Cook County
41.83,-87.65,Bridgeport,Chicago,Cook County
41.85,-87.64,Armour Square,Chicago,Cook County
41.895,-87.654,West Town,Chicago,Cook County
42.017,-87.678,Rogers Park,Chicago,Cook County
41.882,-87.642,West Loop,Chicago,Cook County
42.058,-87.678,NA,Evanston,Cook County
41.692,-87.53,East Side,Chicago,Cook County
42.048,-87.698,NA,Evanston,Cook County
41.84,-87.63,Dearborn Homes,Chicago,Cook County
41.92,-87.8,Austin,Chicago,Cook County
41.77,-87.57,South Shore,Chicago,Cook County
41.79,-87.71,Gage Park,Chicago,Cook County
41.919,-87.698,Logan Square,Chicago,Cook County
41.858,-87.657,Lower West Side,Chicago,Cook County
41.99,-87.68,Lincoln Square,Chicago,Cook County
41.78,-87.61,Woodlawn,Chicago,Cook County
41.84,-87.64,Bridgeport,Chicago,Cook County
41.779,-87.587,Woodlawn,Chicago,Cook County
41.872,-87.629,Chicago Loop,Chicago,Cook County
41.894,-87.619,Streeterville,Chicago,Cook County
41.861,-87.626,Near South Side,Chicago,Cook County
41.888,-87.627,Chicago Loop,Chicago,Cook County
42.01,-87.69,West Ridge,Chicago,Cook County
42.02,-87.69,NA,Evanston,Cook County
41.81,-87.69,Brighton Park,Chicago,Cook County
41.81,-87.61,Bronzeville,Chicago,Cook County
41.85,-87.7,Marshall Square,Chicago,Cook County
41.83,-87.62,Douglas,Chicago,Cook County
41.887,-87.659,Fulton Market District,Chicago,Cook County
41.762,-87.559,South Shore,Chicago,Cook County
41.854,-87.705,Marshall Square,Chicago,Cook County
41.794,-87.602,Hyde Park,Chicago,Cook County
41.884,-87.631,Chicago Loop,Chicago,Cook County
41.888,-87.774,Austin,Chicago,Cook County
41.89,-87.635,River North,Chicago,Cook County
41.98,-87.71,North Park,Chicago,Cook County
41.78,-87.59,Woodlawn,Chicago,Cook County
41.844,-87.695,Marshall Square,Chicago,Cook County
41.848,-87.685,Heart of Italy,Chicago,Cook County
41.99,-87.693,Arcadia Terrace,Chicago,Cook County
42.012,-87.688,West Ridge,Chicago,Cook County
41.91,-87.76,Austin,Chicago,Cook County
41.773,-87.585,South Shore,Chicago,Cook County
41.81,-87.72,Archer Heights,Chicago,Cook County
41.81,-87.616,Bronzeville,Chicago,Cook County
41.849,-87.695,Marshall Square,Chicago,Cook County
41.897,-87.628,Rush & Division,Chicago,Cook County
41.95,-87.77,Portage Park,Chicago,Cook County
41.774,-87.577,Jackson Park,Chicago,Cook County
41.78,-87.616,Woodlawn,Chicago,Cook County
41.79,-87.61,Washington Park,Chicago,Cook County
42.035,-87.699,NA,Evanston,Cook County
41.891,-87.648,West Town,Chicago,Cook County
41.858,-87.668,Lower West Side,Chicago,Cook County
41.86,-87.72,North Lawndale,Chicago,Cook County
41.885,-87.635,Chicago Loop,Chicago,Cook County
41.95,-87.79,Dunning,Chicago,Cook County
42.065,-87.715,NA,Evanston,Cook County
41.827,-87.683,McKinley Park,Chicago,Cook County
41.921,-87.707,Logan Square,Chicago,Cook County
41.954,-87.75,Portage Park,Chicago,Cook County
42.01,-87.7,West Ridge,Chicago,Cook County
41.809,-87.633,Fuller Park,Chicago,Cook County
41.81,-87.67,Back of the Yards,Chicago,Cook County
41.886,-87.717,Garfield Park,Chicago,Cook County
41.89,-87.6,Streeterville,Chicago,Cook County
41.897,-87.621,Streeterville,Chicago,Cook County
41.95,-87.74,Old Irving Park,Chicago,Cook County
42,-87.71,West Ridge,Chicago,Cook County
42.02,-87.71,NA,Skokie,Cook County
41.752,-87.565,South Shore,Chicago,Cook County
41.79,-87.72,West Elsdon,Chicago,Cook County
41.77,-87.58,Jackson Park Highlands,Chicago,Cook County
41.8,-87.69,Gage Park,Chicago,Cook County
41.881,-87.629,Chicago Loop,Chicago,Cook County
41.89,-87.72,Humboldt Park,Chicago,Cook County
41.96,-87.75,Portage Park,Chicago,Cook County
42.02,-87.68,Rogers Park,Evanston,Cook County
41.78,-87.71,Chicago Lawn,Chicago,Cook County
41.795,-87.633,Fuller Park,Chicago,Cook County
41.87,-87.71,North Lawndale,Chicago,Cook County
41.89,-87.627,River North,Chicago,Cook County
41.92,-87.78,Belmont Cragin,Chicago,Cook County
41.925,-87.654,Sheffield & DePaul,Chicago,Cook County
41.885,-87.717,Garfield Park,Chicago,Cook County
41.91,-87.77,Austin,Chicago,Cook County
41.774,-87.567,South Shore,Chicago,Cook County
41.899,-87.648,Goose Island,Chicago,Cook County
41.9,-87.73,Humboldt Park,Chicago,Cook County
41.79,-87.73,West Elsdon,Chicago,Cook County
41.84,-87.73,South Lawndale,Chicago,Cook County
41.96,-87.74,Old Irving Park,Chicago,Cook County
41.752,-87.553,South Shore,Chicago,Cook County
41.78,-87.57,Jackson Park,Chicago,Cook County
42,-87.68,West Ridge,Chicago,Cook County
41.78,-87.7,Chicago Lawn,Chicago,Cook County
41.8,-87.75,Garfield Ridge,Chicago,Cook County
41.8,-87.71,Gage Park,Chicago,Cook County
41.85,-87.65,Lower West Side,Chicago,Cook County
41.862,-87.693,North Lawndale,Chicago,Cook County
41.896,-87.631,River North,Chicago,Cook County
41.94,-87.78,Belmont Central,Chicago,Cook County
41.827,-87.646,Bridgeport,Chicago,Cook County
41.886,-87.621,Chicago Loop,Chicago,Cook County
41.97,-87.74,North Mayfair,Chicago,Cook County
41.74,-87.55,South Chicago,Chicago,Cook County
41.85,-87.61,Near South Side,Chicago,Cook County
41.86,-87.69,North Lawndale,Chicago,Cook County
41.88,-87.7,Garfield Park,Chicago,Cook County
41.97,-87.72,Albany Park,Chicago,Cook County
42.03,-87.68,NA,Evanston,Cook County
41.86,-87.73,North Lawndale,Chicago,Cook County
41.871,-87.67,Near West Side,Chicago,Cook County
41.898,-87.686,West Town,Chicago,Cook County
41.962,-87.676,Lincoln Square,Chicago,Cook County
41.758,-87.549,South Shore,Chicago,Cook County
41.819,-87.643,New City,Chicago,Cook County
41.831,-87.632,Armour Square,Chicago,Cook County
41.85,-87.66,Lower West Side,Chicago,Cook County
41.892,-87.626,River North,Chicago,Cook County
41.95,-87.78,Dunning,Chicago,Cook County
41.81,-87.62,Bronzeville,Chicago,Cook County
41.779,-87.645,Englewood,Chicago,Cook County
41.81,-87.68,Back of the Yards,Chicago,Cook County
41.93,-87.81,NA,Elmwood Park,Cook County
41.865,-87.666,Little Italy,Chicago,Cook County
41.936,-87.652,Lake View East,Chicago,Cook County
41.808,-87.677,Back of the Yards,Chicago,Cook County
41.889,-87.645,West Town,Chicago,Cook County
41.917,-87.702,Logan Square,Chicago,Cook County
41.97,-87.73,North Mayfair,Chicago,Cook County
41.795,-87.597,Hyde Park,Chicago,Cook County
41.806,-87.683,Back of the Yards,Chicago,Cook County
41.814,-87.667,Back of the Yards,Chicago,Cook County
41.87,-87.626,Chicago Loop,Chicago,Cook County
41.913,-87.682,West Town,Chicago,Cook County
41.954,-87.741,Old Irving Park,Chicago,Cook County
41.77,-87.73,West Lawn,Chicago,Cook County
41.774,-87.606,Woodlawn,Chicago,Cook County
41.885,-87.624,Chicago Loop,Chicago,Cook County
41.89,-87.636,River North,Chicago,Cook County
41.878,-87.736,Garfield Park,Chicago,Cook County
41.894,-87.632,River North,Chicago,Cook County
41.896,-87.627,River North,Chicago,Cook County
41.924,-87.677,Bucktown,Chicago,Cook County
41.71,-87.6,Pullman,Chicago,Cook County
41.737,-87.623,South Side,Chicago,Cook County
41.77,-87.61,Park Manor,Chicago,Cook County
41.793,-87.616,Washington Park,Chicago,Cook County
41.808,-87.646,Back of the Yards,Chicago,Cook County
41.823,-87.677,Back of the Yards,Chicago,Cook County
41.884,-87.644,West Loop,Chicago,Cook County
41.97,-87.76,Jefferson Park,Chicago,Cook County
41.81,-87.71,Brighton Park,Chicago,Cook County
41.862,-87.694,North Lawndale,Chicago,Cook County
41.9,-87.669,West Town,Chicago,Cook County
41.915,-87.687,Bucktown,Chicago,Cook County
41.769,-87.628,Greater Grand Crossing,Chicago,Cook County
41.895,-87.765,Austin,Chicago,Cook County
42.06,-87.68,NA,Evanston,Cook County
41.809,-87.665,Back of the Yards,Chicago,Cook County
41.86,-87.71,North Lawndale,Chicago,Cook County
41.691,-87.681,Kennedy Park,Chicago,Cook County
41.76,-87.56,South Shore,Chicago,Cook County
41.75,-87.68,Ashburn,Chicago,Cook County
41.766,-87.586,South Shore,Chicago,Cook County
41.802,-87.645,Back of the Yards,Chicago,Cook County
41.803,-87.587,East Hyde Park,Chicago,Cook County
41.881,-87.639,West Loop,Chicago,Cook County
41.881,-87.635,Chicago Loop,Chicago,Cook County
41.75,-87.61,South Side,Chicago,Cook County
41.82,-87.62,Bronzeville,Chicago,Cook County
41.879,-87.631,Chicago Loop,Chicago,Cook County
41.884,-87.645,West Loop,Chicago,Cook County
41.885,-87.636,Chicago Loop,Chicago,Cook County
41.89,-87.71,Humboldt Park,Chicago,Cook County
41.909,-87.648,Goose Island,Chicago,Cook County
41.94,-87.82,Belmont Heights,Chicago,Cook County
41.954,-87.655,Lake View East,Chicago,Cook County
41.759,-87.587,Grand Crossing,Chicago,Cook County
41.842,-87.658,Bridgeport,Chicago,Cook County
41.848,-87.715,South Lawndale,Chicago,Cook County
41.896,-87.678,West Town,Chicago,Cook County
41.712,-87.668,Beverly,Chicago,Cook County
41.767,-87.576,South Shore,Chicago,Cook County
41.77,-87.59,Grand Crossing,Chicago,Cook County
41.83,-87.64,Bridgeport,Chicago,Cook County
41.857,-87.646,East Pilsen,Chicago,Cook County
41.705,-87.528,East Side,Chicago,Cook County
41.75,-87.56,South Chicago,Chicago,Cook County
41.799,-87.595,Hyde Park,Chicago,Cook County
41.869,-87.624,Chicago Loop,Chicago,Cook County
41.887,-87.618,Chicago Loop,Chicago,Cook County
41.83,-87.6,Oakland,Chicago,Cook County
41.85,-87.71,South Lawndale,Chicago,Cook County
41.867,-87.695,North Lawndale,Chicago,Cook County
41.88,-87.774,Austin,Chicago,Cook County
42.023,-87.7,NA,Evanston,Cook County
41.77,-87.64,Englewood,Chicago,Cook County
41.78,-87.73,West Lawn,Chicago,Cook County
41.867,-87.616,Near South Side,Chicago,Cook County
41.927,-87.635,Lincoln Park,Chicago,Cook County
41.955,-87.648,Uptown,Chicago,Cook County
42.03,-87.69,NA,Evanston,Cook County
41.894,-87.654,West Town,Chicago,Cook County
41.79,-87.63,Englewood,Chicago,Cook County
41.8,-87.68,Gage Park,Chicago,Cook County
41.878,-87.639,West Loop,Chicago,Cook County
41.71,-87.67,Beverly,Chicago,Cook County
41.82,-87.61,Bronzeville,Chicago,Cook County
41.947,-87.74,Old Irving Park,Chicago,Cook County
41.967,-87.689,Lincoln Square,Chicago,Cook County
42.051,-87.678,NA,Evanston,Cook County
41.751,-87.614,South Side,Chicago,Cook County
41.794,-87.655,South Side,Chicago,Cook County
41.885,-87.63,Chicago Loop,Chicago,Cook County
41.885,-87.625,Chicago Loop,Chicago,Cook County
41.72,-87.68,Beverly,Chicago,Cook County
41.848,-87.705,Marshall Square,Chicago,Cook County
41.882,-87.632,Chicago Loop,Chicago,Cook County
41.886,-87.63,Chicago Loop,Chicago,Cook County
41.714,-87.531,East Side,Chicago,Cook County
41.72,-87.62,Roseland,Chicago,Cook County
41.743,-87.605,Grand Crossing,Chicago,Cook County
42.03,-87.71,NA,Skokie,Cook County
42.06,-87.67,NA,Evanston,Cook County
41.74,-87.63,South Side,Chicago,Cook County
41.79,-87.62,Washington Park,Chicago,Cook County
41.8,-87.73,Archer Heights,Chicago,Cook County
41.8,-87.61,Washington Park,Chicago,Cook County
41.81,-87.73,Archer Heights,Chicago,Cook County
41.88,-87.76,Austin,Chicago,Cook County
41.904,-87.641,Cabrini-Green,Chicago,Cook County
41.936,-87.679,Hamlin Park,Chicago,Cook County
41.94,-87.81,Belmont Heights,Chicago,Cook County
42.02,-87.7,West Ridge,Evanston,Cook County
41.76,-87.58,South Shore,Chicago,Cook County
41.77,-87.63,Greater Grand Crossing,Chicago,Cook County
41.83,-87.69,Brighton Park,Chicago,Cook County
41.686,-87.574,South Deering,Chicago,Cook County
41.69,-87.61,Pullman,Chicago,Cook County
41.728,-87.668,Beverly,Chicago,Cook County
41.822,-87.622,Bronzeville,Chicago,Cook County
41.87,-87.7,Garfield Park,Chicago,Cook County
41.88,-87.641,West Loop,Chicago,Cook County
41.886,-87.626,Chicago Loop,Chicago,Cook County
41.895,-87.633,River North,Chicago,Cook County
42.04,-87.67,NA,Evanston,Cook County
41.71,-87.68,Beverly,Chicago,Cook County
41.766,-87.605,Greater Grand Crossing,Chicago,Cook County
41.784,-87.614,Woodlawn,Chicago,Cook County
41.8,-87.67,Back of the Yards,Chicago,Cook County
41.845,-87.716,South Lawndale,Chicago,Cook County
41.878,-87.642,West Loop,Chicago,Cook County
41.886,-87.623,Chicago Loop,Chicago,Cook County
41.94,-87.83,Dunning,Chicago,Cook County
41.707,-87.618,Roseland,Chicago,Cook County
41.745,-87.565,South Chicago,Chicago,Cook County
41.762,-87.644,Englewood,Chicago,Cook County
41.8,-87.62,Washington Park,Chicago,Cook County
41.885,-87.618,Chicago Loop,Chicago,Cook County
41.887,-87.627,Chicago Loop,Chicago,Cook County
41.91,-87.81,NA,Elmwood Park,Cook County
41.929,-87.708,Logan Square,Chicago,Cook County
42.03,-87.67,NA,Evanston,Cook County
41.69,-87.68,South Side,Chicago,Cook County
41.73,-87.55,South Chicago,Chicago,Cook County
41.753,-87.605,Greater Grand Crossing,Chicago,Cook County
41.79,-87.65,Englewood,Chicago,Cook County
41.88,-87.763,Austin,Chicago,Cook County
41.794,-87.675,Back of the Yards,Chicago,Cook County
41.822,-87.621,Bronzeville,Chicago,Cook County
41.823,-87.666,McKinley Park,Chicago,Cook County
41.88,-87.74,Garfield Park,Chicago,Cook County
41.887,-87.617,Chicago Loop,Chicago,Cook County
41.895,-87.62,Streeterville,Chicago,Cook County
41.917,-87.667,Bucktown,Chicago,Cook County
41.758,-87.606,Greater Grand Crossing,Chicago,Cook County
41.88,-87.755,Austin,Chicago,Cook County
41.882,-87.633,Chicago Loop,Chicago,Cook County
41.883,-87.64,West Loop,Chicago,Cook County
41.888,-87.756,Austin,Chicago,Cook County
41.91,-87.78,Austin,Chicago,Cook County
42.06,-87.7,NA,Evanston,Cook County
41.7,-87.65,Washington Heights,Chicago,Cook County
41.734,-87.558,South Chicago,Chicago,Cook County
41.843,-87.636,Armour Square,Chicago,Cook County
41.89,-87.75,Austin,Chicago,Cook County
41.895,-87.627,River North,Chicago,Cook County
42.05,-87.69,NA,Evanston,Cook County
41.747,-87.586,Grand Crossing,Chicago,Cook County
41.77,-87.69,Chicago Lawn,Chicago,Cook County
41.786,-87.674,West Englewood,Chicago,Cook County
41.884,-87.637,Chicago Loop,Chicago,Cook County
41.889,-87.637,River North,Chicago,Cook County
41.89,-87.619,Streeterville,Chicago,Cook County
42.024,-87.7,NA,Evanston,Cook County
41.737,-87.549,South Chicago,Chicago,Cook County
41.74,-87.58,Stoney Island Park,Chicago,Cook County
41.745,-87.551,South Chicago,Chicago,Cook County
41.75,-87.6,Grand Crossing,Chicago,Cook County
41.757,-87.576,South Shore,Chicago,Cook County
41.759,-87.566,South Shore,Chicago,Cook County
41.769,-87.653,Englewood,Chicago,Cook County
41.793,-87.664,West Englewood,Chicago,Cook County
41.87,-87.73,Garfield Park,Chicago,Cook County
41.878,-87.64,West Loop,Chicago,Cook County
41.691,-87.713,Mount Greenwood,Chicago,Cook County
41.705,-87.642,Roseland,Chicago,Cook County
41.82,-87.63,Fuller Park,Chicago,Cook County
41.87,-87.72,Garfield Park,Chicago,Cook County
41.88,-87.73,Garfield Park,Chicago,Cook County
41.88,-87.72,Garfield Park,Chicago,Cook County
41.891,-87.621,Streeterville,Chicago,Cook County
41.91,-87.79,Austin,Chicago,Cook County
41.929,-87.668,Lincoln Park,Chicago,Cook County
41.93,-87.724,Logan Square,Chicago,Cook County
41.685,-87.645,South Side,Chicago,Cook County
41.692,-87.61,Roseland,Chicago,Cook County
41.705,-87.681,Beverly,Chicago,Cook County
41.744,-87.599,Grand Crossing,Chicago,Cook County
41.793,-87.645,Englewood,Chicago,Cook County
41.8,-87.601,Hyde Park,Chicago,Cook County
41.844,-87.702,Marshall Square,Chicago,Cook County
41.867,-87.684,Tri-Taylor,Chicago,Cook County
41.88,-87.75,Austin,Chicago,Cook County
41.895,-87.757,Austin,Chicago,Cook County
41.9,-87.77,Austin,Chicago,Cook County
41.911,-87.697,West Town,Chicago,Cook County
41.911,-87.65,Lincoln Park,Chicago,Cook County
41.695,-87.599,Pullman,Chicago,Cook County
41.699,-87.669,South Side,Chicago,Cook County
41.797,-87.626,Legends South,Chicago,Cook County
41.81,-87.65,Back of the Yards,Chicago,Cook County
41.88,-87.655,West Loop,Chicago,Cook County
41.881,-87.728,Garfield Park,Chicago,Cook County
41.884,-87.623,Chicago Loop,Chicago,Cook County
41.89,-87.703,Humboldt Park,Chicago,Cook County
41.912,-87.677,West Town,Chicago,Cook County
41.94,-87.8,Schorsch Village,Chicago,Cook County
42.032,-87.679,NA,Evanston,Cook County
41.705,-87.657,East Beverly,Chicago,Cook County
41.74,-87.56,South Chicago,Chicago,Cook County
41.77,-87.65,Englewood,Chicago,Cook County
41.79,-87.74,Garfield Ridge,Chicago,Cook County
41.896,-87.623,Streeterville,Chicago,Cook County
41.896,-87.621,Streeterville,Chicago,Cook County
41.719,-87.608,Roseland,Chicago,Cook County
41.77,-87.72,West Lawn,Chicago,Cook County
41.77,-87.6,Greater Grand Crossing,Chicago,Cook County
41.874,-87.726,Garfield Park,Chicago,Cook County
41.878,-87.63,Chicago Loop,Chicago,Cook County
41.883,-87.648,West Loop,Chicago,Cook County
41.886,-87.632,Chicago Loop,Chicago,Cook County
41.894,-87.641,River North,Chicago,Cook County
41.895,-87.622,Streeterville,Chicago,Cook County
41.93,-87.684,Bucktown,Chicago,Cook County
41.95,-87.83,Irving Woods,Chicago,Cook County
42.03,-87.7,NA,Evanston,Cook County
41.72,-87.643,Washington Heights,Chicago,Cook County
41.76,-87.61,Greater Grand Crossing,Chicago,Cook County
41.76,-87.57,South Shore,Chicago,Cook County
41.77,-87.7,Chicago Lawn,Chicago,Cook County
41.84,-87.67,Lower West Side,Chicago,Cook County
41.842,-87.685,Marshall Square,Chicago,Cook County
41.864,-87.623,Near South Side,Chicago,Cook County
41.883,-87.65,West Loop,Chicago,Cook County
41.885,-87.617,Chicago Loop,Chicago,Cook County
41.89,-87.77,Austin,Chicago,Cook County
41.89,-87.76,Austin,Chicago,Cook County
41.9,-87.635,Near North,Chicago,Cook County
42.04,-87.7,NA,Evanston,Cook County
41.69,-87.64,Roseland,Chicago,Cook County
41.74,-87.59,Marynook,Chicago,Cook County
41.753,-87.644,Auburn Gresham,Chicago,Cook County
41.8,-87.587,Hyde Park,Chicago,Cook County
41.816,-87.635,Fuller Park,Chicago,Cook County
41.823,-87.627,Legends South,Chicago,Cook County
41.83,-87.66,McKinley Park,Chicago,Cook County
41.881,-87.656,West Loop,Chicago,Cook County
41.881,-87.64,West Loop,Chicago,Cook County
41.885,-87.696,Garfield Park,Chicago,Cook County
41.895,-87.775,Austin,Chicago,Cook County
41.896,-87.624,Streeterville,Chicago,Cook County
41.933,-87.637,Lake View East,Chicago,Cook County
41.937,-87.644,Lake View East,Chicago,Cook County
41.96,-87.76,Portage Park,Chicago,Cook County
42,-87.65,Rogers Park,Chicago,Cook County
42.05,-87.67,NA,Evanston,Cook County
41.728,-87.55,South Chicago,Chicago,Cook County
41.74,-87.65,Auburn Gresham,Chicago,Cook County
41.75,-87.57,South Chicago,Chicago,Cook County
41.779,-87.665,West Englewood,Chicago,Cook County
41.802,-87.59,Hyde Park,Chicago,Cook County
41.874,-87.627,Chicago Loop,Chicago,Cook County
41.88,-87.637,Chicago Loop,Chicago,Cook County
41.9,-87.74,Humboldt Park,Chicago,Cook County
41.918,-87.653,Lincoln Park,Chicago,Cook County
41.7,-87.612,Roseland,Chicago,Cook County
41.722,-87.579,Jeffrey Manor,Chicago,Cook County
41.744,-87.634,South Side,Chicago,Cook County
41.752,-87.664,Auburn Gresham,Chicago,Cook County
41.758,-87.614,Greater Grand Crossing,Chicago,Cook County
41.81,-87.75,LeClaire Courts,Chicago,Cook County
41.865,-87.624,Near South Side,Chicago,Cook County
41.87,-87.625,Chicago Loop,Chicago,Cook County
41.886,-87.653,Fulton Market District,Chicago,Cook County
41.89,-87.632,River North,Chicago,Cook County
41.904,-87.634,Near North Side,Chicago,Cook County
41.92,-87.81,NA,Elmwood Park,Cook County
41.939,-87.698,Avondale,Chicago,Cook County
41.69,-87.67,South Side,Chicago,Cook County
41.69,-87.65,South Side,Chicago,Cook County
41.743,-87.615,South Side,Chicago,Cook County
41.758,-87.631,Greater Grand Crossing,Chicago,Cook County
41.76,-87.65,Englewood,Chicago,Cook County
41.769,-87.636,Englewood,Chicago,Cook County
41.78,-87.635,Englewood,Chicago,Cook County
41.784,-87.615,Woodlawn,Chicago,Cook County
41.801,-87.675,Back of the Yards,Chicago,Cook County
41.82,-87.72,Archer Heights,Chicago,Cook County
41.85,-87.73,North Lawndale,Chicago,Cook County
41.899,-87.687,West Town,Chicago,Cook County
41.9,-87.76,Austin,Chicago,Cook County
41.976,-87.68,Lincoln Square,Chicago,Cook County
41.685,-87.671,South Side,Chicago,Cook County
41.71,-87.59,Pullman,Chicago,Cook County
41.731,-87.586,Calumet Heights,Chicago,Cook County
41.74,-87.68,Ashburn,Chicago,Cook County
41.76,-87.64,Englewood,Chicago,Cook County
41.77,-87.71,Chicago Lawn,Chicago,Cook County
41.78,-87.69,Chicago Lawn,Chicago,Cook County
41.78,-87.58,Jackson Park,Chicago,Cook County
41.81,-87.63,Fuller Park,Chicago,Cook County
41.82,-87.68,Back of the Yards,Chicago,Cook County
41.82,-87.67,Back of the Yards,Chicago,Cook County
41.824,-87.651,Bridgeport,Chicago,Cook County
41.877,-87.649,West Loop,Chicago,Cook County
41.878,-87.745,Austin,Chicago,Cook County
41.884,-87.642,West Loop,Chicago,Cook County
41.884,-87.638,West Loop,Chicago,Cook County
41.888,-87.765,Austin,Chicago,Cook County
41.9,-87.61,Streeterville,Chicago,Cook County
41.925,-87.701,Logan Square,Chicago,Cook County
41.926,-87.666,Lincoln Park,Chicago,Cook County
41.659,-87.551,Hegewisch,Chicago,Cook County
41.7,-87.69,South Side,Chicago,Cook County
41.71,-87.66,East Beverly,Chicago,Cook County
41.78,-87.68,Chicago Lawn,Chicago,Cook County
41.84,-87.71,South Lawndale,Chicago,Cook County
41.873,-87.764,Austin,Chicago,Cook County
41.885,-87.727,Garfield Park,Chicago,Cook County
41.886,-87.735,Garfield Park,Chicago,Cook County
41.887,-87.745,Austin,Chicago,Cook County
41.97,-87.75,Forest Glen,Chicago,Cook County
42.02,-87.669,Rogers Park,Chicago,Cook County
42.02,-87.66,Rogers Park,Chicago,Cook County
41.69,-87.71,Mount Greenwood,Chicago,Cook County
41.74,-87.66,Auburn Gresham,Chicago,Cook County
41.76,-87.66,West Englewood,Chicago,Cook County
41.883,-87.624,Chicago Loop,Chicago,Cook County
41.887,-87.624,Chicago Loop,Chicago,Cook County
41.891,-87.625,River North,Chicago,Cook County
41.892,-87.619,Streeterville,Chicago,Cook County
41.902,-87.632,Near North,Chicago,Cook County
41.91,-87.678,West Town,Chicago,Cook County
42.004,-87.662,Rogers Park,Chicago,Cook County
42.06,-87.73,NA,Skokie,Cook County
41.7,-87.67,Beverly,Chicago,Cook County
41.703,-87.56,South Deering,Chicago,Cook County
41.737,-87.601,Grand Crossing,Chicago,Cook County
41.737,-87.583,Stoney Island Park,Chicago,Cook County
41.757,-87.625,Greater Grand Crossing,Chicago,Cook County
41.76,-87.68,Chicago Lawn,Chicago,Cook County
41.769,-87.645,Englewood,Chicago,Cook County
41.78,-87.67,West Englewood,Chicago,Cook County
41.845,-87.702,Marshall Square,Chicago,Cook County
41.875,-87.687,Tri-Taylor,Chicago,Cook County
41.88,-87.77,Austin,Chicago,Cook County
41.89,-87.73,Humboldt Park,Chicago,Cook County
41.896,-87.625,River North,Chicago,Cook County
41.897,-87.625,Streeterville,Chicago,Cook County
41.95,-87.82,Belmont Heights,Chicago,Cook County
41.954,-87.732,Old Irving Park,Chicago,Cook County
41.962,-87.672,Ravenswood,Chicago,Cook County
42.004,-87.661,Rogers Park,Chicago,Cook County
41.72,-87.66,Washington Heights,Chicago,Cook County
41.8,-87.66,Back of the Yards,Chicago,Cook County
41.8,-87.65,Back of the Yards,Chicago,Cook County
41.849,-87.685,Heart of Italy,Chicago,Cook County
41.874,-87.705,Garfield Park,Chicago,Cook County
41.881,-87.631,Chicago Loop,Chicago,Cook County
41.885,-87.641,West Loop,Chicago,Cook County
41.886,-87.648,Fulton Market District,Chicago,Cook County
41.932,-87.658,Sheffield & DePaul,Chicago,Cook County
41.936,-87.644,Lake View East,Chicago,Cook County
41.94,-87.664,Lake View,Chicago,Cook County
41.681,-87.538,Hegewisch,Chicago,Cook County
41.727,-87.654,Washington Heights,Chicago,Cook County
41.74,-87.62,South Side,Chicago,Cook County
41.752,-87.578,South Shore,Chicago,Cook County
41.76,-87.63,Greater Grand Crossing,Chicago,Cook County
41.79,-87.66,West Englewood,Chicago,Cook County
41.8,-87.74,Garfield Ridge,Chicago,Cook County
41.803,-87.586,East Hyde Park,Chicago,Cook County
41.84,-87.7,Marshall Square,Chicago,Cook County
41.871,-87.625,Chicago Loop,Chicago,Cook County
41.876,-87.715,Garfield Park,Chicago,Cook County
41.885,-87.629,Chicago Loop,Chicago,Cook County
41.887,-87.637,Chicago Loop,Chicago,Cook County
41.888,-87.638,River North,Chicago,Cook County
41.898,-87.621,Streeterville,Chicago,Cook County
41.907,-87.627,Gold Coast,Chicago,Cook County
42.005,-87.672,Rogers Park,Chicago,Cook County
42.05,-87.7,NA,Evanston,Cook County
41.692,-87.701,Mount Greenwood,Chicago,Cook County
41.7,-87.7,Mount Greenwood,Chicago,Cook County
41.7,-87.6,Pullman,Chicago,Cook County
41.71,-87.65,Washington Heights,Chicago,Cook County
41.713,-87.551,Vet's Park,Chicago,Cook County
41.759,-87.596,Greater Grand Crossing,Chicago,Cook County
41.78,-87.62,Washington Park,Chicago,Cook County
41.8,-87.725,Archer Heights,Chicago,Cook County
41.82,-87.64,New City,Chicago,Cook County
41.824,-87.617,Douglas,Chicago,Cook County
41.854,-87.62,Near South Side,Chicago,Cook County
41.88,-87.629,Chicago Loop,Chicago,Cook County
41.885,-87.627,Chicago Loop,Chicago,Cook County
41.887,-87.635,Chicago Loop,Chicago,Cook County
41.887,-87.621,Chicago Loop,Chicago,Cook County
41.932,-87.637,Lincoln Park,Chicago,Cook County
41.965,-87.659,Uptown,Chicago,Cook County
41.7,-87.62,Roseland,Chicago,Cook County
41.726,-87.566,Calumet Heights,Chicago,Cook County
41.75,-87.66,Auburn Gresham,Chicago,Cook County
41.857,-87.661,Lower West Side,Chicago,Cook County
41.866,-87.706,North Lawndale,Chicago,Cook County
41.866,-87.685,Near West Side,Chicago,Cook County
41.87,-87.77,Austin,Chicago,Cook County
41.87,-87.655,Little Italy,Chicago,Cook County
41.882,-87.648,West Loop,Chicago,Cook County
41.885,-87.634,Chicago Loop,Chicago,Cook County
41.891,-87.703,Humboldt Park,Chicago,Cook County
41.903,-87.688,West Town,Chicago,Cook County
41.918,-87.698,Logan Square,Chicago,Cook County
41.955,-87.75,Portage Park,Chicago,Cook County
41.961,-87.701,Irving Park,Chicago,Cook County
42.04,-87.69,NA,Evanston,Cook County
42.06,-87.69,NA,Evanston,Cook County
41.669,-87.637,West Pullman,Chicago,Cook County
41.688,-87.655,South Side,Chicago,Cook County
41.73,-87.6,Burnside,Chicago,Cook County
41.74,-87.61,South Side,Chicago,Cook County
41.74,-87.6,Grand Crossing,Chicago,Cook County
41.759,-87.663,West Englewood,Chicago,Cook County
41.77,-87.68,Chicago Lawn,Chicago,Cook County
41.78,-87.66,West Englewood,Chicago,Cook County
41.81,-87.64,New City,Chicago,Cook County
41.844,-87.646,Bridgeport,Chicago,Cook County
41.854,-87.646,East Pilsen,Chicago,Cook County
41.87,-87.656,Little Italy,Chicago,Cook County
41.877,-87.634,Chicago Loop,Chicago,Cook County
41.879,-87.634,Chicago Loop,Chicago,Cook County
41.886,-87.641,West Loop,Chicago,Cook County
41.888,-87.626,Chicago Loop,Chicago,Cook County
41.896,-87.628,River North,Chicago,Cook County
41.907,-87.672,West Town,Chicago,Cook County
41.91,-87.8,Austin,Chicago,Cook County
41.961,-87.672,Lake View,Chicago,Cook County
41.671,-87.623,West Pullman,Chicago,Cook County
41.68,-87.66,West Pullman,Chicago,Cook County
41.707,-87.608,Roseland,Chicago,Cook County
41.71,-87.72,Mount Greenwood,Chicago,Cook County
41.73,-87.68,Beverly,Chicago,Cook County
41.738,-87.645,Auburn Gresham,Chicago,Cook County
41.75,-87.64,Auburn Gresham,Chicago,Cook County
41.773,-87.577,Jackson Park Highlands,Chicago,Cook County
41.803,-87.665,Back of the Yards,Chicago,Cook County
41.82,-87.59,NA,Chicago,Cook County
41.857,-87.627,Near South Side,Chicago,Cook County
41.868,-87.649,Little Italy,Chicago,Cook County
41.87,-87.75,Austin,Chicago,Cook County
41.88,-87.631,Chicago Loop,Chicago,Cook County
41.889,-87.636,River North,Chicago,Cook County
41.893,-87.621,Streeterville,Chicago,Cook County
41.905,-87.64,Cabrini-Green,Chicago,Cook County
41.91,-87.653,Goose Island,Chicago,Cook County
41.969,-87.657,Uptown,Chicago,Cook County
42.048,-87.699,NA,Evanston,Cook County
42.07,-87.68,NA,Evanston,Cook County
41.68,-87.54,Hegewisch,Chicago,Cook County
41.7,-87.68,Beverly,Chicago,Cook County
41.7,-87.64,Roseland,Chicago,Cook County
41.71,-87.64,Washington Heights,Chicago,Cook County
41.72,-87.63,Roseland,Chicago,Cook County
41.73,-87.56,Calumet Heights,Chicago,Cook County
41.732,-87.658,Washington Heights,Chicago,Cook County
41.75,-87.58,South Chicago,Chicago,Cook County
41.77,-87.62,Greater Grand Crossing,Chicago,Cook County
41.806,-87.593,Kenwood,Chicago,Cook County
41.83,-87.72,South Lawndale,Chicago,Cook County
41.867,-87.706,North Lawndale,Chicago,Cook County
41.877,-87.636,Chicago Loop,Chicago,Cook County
41.877,-87.632,Chicago Loop,Chicago,Cook County
41.878,-87.629,Chicago Loop,Chicago,Cook County
41.88,-87.633,Chicago Loop,Chicago,Cook County
41.881,-87.637,Chicago Loop,Chicago,Cook County
41.882,-87.63,Chicago Loop,Chicago,Cook County
41.884,-87.627,Chicago Loop,Chicago,Cook County
41.885,-87.726,Garfield Park,Chicago,Cook County
41.896,-87.706,Humboldt Park,Chicago,Cook County
41.896,-87.636,River North,Chicago,Cook County
41.897,-87.626,Rush & Division,Chicago,Cook County
41.901,-87.662,West Town,Chicago,Cook County
41.937,-87.653,Lake View East,Chicago,Cook County
41.94,-87.679,Roscoe Village,Chicago,Cook County
41.944,-87.672,Lake View,Chicago,Cook County
41.95,-87.8,Dunning,Chicago,Cook County
42.05,-87.71,NA,Evanston,Cook County
42.06,-87.71,NA,Evanston,Cook County
41.657,-87.599,Altgeld Gardens,Chicago,Cook County
41.658,-87.611,Golden Gate,Chicago,Cook County
41.68,-87.65,West Pullman,Chicago,Cook County
41.69,-87.54,East Side,Chicago,Cook County
41.7,-87.63,Roseland,Chicago,Cook County
41.71,-87.69,South Side,Chicago,Cook County
41.713,-87.566,South Deering,Chicago,Cook County
41.713,-87.535,East Side,Chicago,Cook County
41.719,-87.597,Cottage Grove Heights,Chicago,Cook County
41.73,-87.62,West Chesterfield,Chicago,Cook County
41.737,-87.573,Calumet Heights,Chicago,Cook County
41.74,-87.57,Avalon Park,Chicago,Cook County
41.75,-87.67,Auburn Gresham,Chicago,Cook County
41.759,-87.606,Greater Grand Crossing,Chicago,Cook County
41.76,-87.59,Grand Crossing,Chicago,Cook County
41.77,-87.56,South Shore,Chicago,Cook County
41.78,-87.651,Englewood,Chicago,Cook County
41.8,-87.76,Garfield Ridge,Chicago,Cook County
41.84,-87.69,Marshall Square,Chicago,Cook County
41.867,-87.694,North Lawndale,Chicago,Cook County
41.869,-87.673,Near West Side,Chicago,Cook County
41.873,-87.633,Chicago Loop,Chicago,Cook County
41.878,-87.634,Chicago Loop,Chicago,Cook County
41.879,-87.625,Chicago Loop,Chicago,Cook County
41.881,-87.741,Austin,Chicago,Cook County
41.882,-87.638,West Loop,Chicago,Cook County
41.893,-87.62,Streeterville,Chicago,Cook County
41.937,-87.647,Lake View East,Chicago,Cook County
41.949,-87.648,Lake View East,Chicago,Cook County
41.994,-87.69,West Ridge,Chicago,Cook County
41.649,-87.546,Hegewisch,Chicago,Cook County
41.652,-87.54,Hegewisch,Chicago,Cook County
41.666,-87.557,Hegewisch,Chicago,Cook County
41.68,-87.68,South Side,Chicago,Cook County
41.692,-87.643,South Side,Chicago,Cook County
41.7,-87.54,East Side,Chicago,Cook County
41.7,-87.53,East Side,Chicago,Cook County
41.718,-87.565,Jeffrey Manor,Chicago,Cook County
41.72,-87.53,East Side,Chicago,Cook County
41.73,-87.66,Washington Heights,Chicago,Cook County
41.73,-87.64,Auburn Gresham,Chicago,Cook County
41.744,-87.575,Avalon Park,Chicago,Cook County
41.75,-87.59,Grand Crossing,Chicago,Cook County
41.752,-87.579,South Shore,Chicago,Cook County
41.767,-87.586,South Shore,Chicago,Cook County
41.775,-87.654,Englewood,Chicago,Cook County
41.78,-87.64,Englewood,Chicago,Cook County
41.783,-87.654,Englewood,Chicago,Cook County
41.81,-87.66,Back of the Yards,Chicago,Cook County
41.84,-87.68,Lower West Side,Chicago,Cook County
41.84,-87.6,NA,Chicago,Cook County
41.853,-87.705,Marshall Square,Chicago,Cook County
41.856,-87.628,Near South Side,Chicago,Cook County
41.867,-87.707,North Lawndale,Chicago,Cook County
41.872,-87.747,Austin,Chicago,Cook County
41.879,-87.633,Chicago Loop,Chicago,Cook County
41.883,-87.639,West Loop,Chicago,Cook County
41.885,-87.623,Chicago Loop,Chicago,Cook County
41.887,-87.631,Chicago Loop,Chicago,Cook County
41.888,-87.628,River North,Chicago,Cook County
41.897,-87.661,West Town,Chicago,Cook County
41.91,-87.649,Goose Island,Chicago,Cook County
41.931,-87.645,Lincoln Park,Chicago,Cook County
41.939,-87.693,Avondale,Chicago,Cook County
41.95,-87.688,North Center,Chicago,Cook County
41.961,-87.666,Lake View,Chicago,Cook County
42.019,-87.684,Rogers Park,Chicago,Cook County
41.71,-87.61,Roseland,Chicago,Cook County
41.71,-87.57,South Deering,Chicago,Cook County
41.72,-87.64,Washington Heights,Chicago,Cook County
41.72,-87.6,Cottage Grove Heights,Chicago,Cook County
41.73,-87.61,South Side,Chicago,Cook County
41.75,-87.65,Auburn Gresham,Chicago,Cook County
41.75,-87.63,South Side,Chicago,Cook County
41.751,-87.585,Avalon Park,Chicago,Cook County
41.76,-87.67,West Englewood,Chicago,Cook County
41.76,-87.62,Greater Grand Crossing,Chicago,Cook County
41.77,-87.74,West Lawn,Chicago,Cook County
41.816,-87.634,Fuller Park,Chicago,Cook County
41.817,-87.607,Bronzeville,Chicago,Cook County
41.824,-87.598,Oakland,Chicago,Cook County
41.83,-87.71,South Lawndale,Chicago,Cook County
41.834,-87.632,Armour Square,Chicago,Cook County
41.849,-87.641,Armour Square,Chicago,Cook County
41.85,-87.74,NA,Cicero,Cook County
41.87,-87.76,Austin,Chicago,Cook County
41.88,-87.634,Chicago Loop,Chicago,Cook County
41.882,-87.637,Chicago Loop,Chicago,Cook County
41.885,-87.648,Fulton Market District,Chicago,Cook County
41.885,-87.633,Chicago Loop,Chicago,Cook County
41.892,-87.649,West Town,Chicago,Cook County
41.914,-87.699,Logan Square,Chicago,Cook County
41.934,-87.691,Avondale,Chicago,Cook County
42.019,-87.669,Rogers Park,Chicago,Cook County
42.07,-87.7,NA,Wilmette,Cook County
41.68,-87.74,NA,Alsip,Cook County
41.71,-87.54,East Side,Chicago,Cook County
41.72,-87.65,Washington Heights,Chicago,Cook County
41.72,-87.61,Roseland,Chicago,Cook County
41.72,-87.57,Jeffrey Manor,Chicago,Cook County
41.728,-87.635,Washington Heights,Chicago,Cook County
41.728,-87.597,Burnside,Chicago,Cook County
41.729,-87.611,South Side,Chicago,Cook County
41.737,-87.548,South Chicago,Chicago,Cook County
41.741,-87.658,Auburn Gresham,Chicago,Cook County
41.752,-87.644,Auburn Gresham,Chicago,Cook County
41.765,-87.622,Greater Grand Crossing,Chicago,Cook County
41.788,-87.645,Englewood,Chicago,Cook County
41.79,-87.68,Gage Park,Chicago,Cook County
41.79,-87.655,West Englewood,Chicago,Cook County
41.794,-87.616,Washington Park,Chicago,Cook County
41.808,-87.657,Back of the Yards,Chicago,Cook County
41.839,-87.635,Armour Square,Chicago,Cook County
41.866,-87.684,Near West Side,Chicago,Cook County
41.87,-87.74,Austin,Chicago,Cook County
41.874,-87.639,South Loop,Chicago,Cook County
41.878,-87.628,Chicago Loop,Chicago,Cook County
41.881,-87.643,West Loop,Chicago,Cook County
41.889,-87.626,River North,Chicago,Cook County
41.898,-87.628,Rush & Division,Chicago,Cook County
41.934,-87.707,Avondale,Chicago,Cook County
42.04,-87.71,NA,Skokie,Cook County
41.687,-87.621,Roseland,Chicago,Cook County
41.7,-87.61,Roseland,Chicago,Cook County
41.71,-87.56,South Deering,Chicago,Cook County
41.73,-87.67,South Side,Chicago,Cook County
41.73,-87.54,South Chicago,Chicago,Cook County
41.75,-87.62,South Side,Chicago,Cook County
41.75,-87.55,South Chicago,Chicago,Cook County
41.76,-87.6,Greater Grand Crossing,Chicago,Cook County
41.78,-87.65,Englewood,Chicago,Cook County
41.805,-87.704,Brighton Park,Chicago,Cook County
41.82,-87.71,Brighton Park,Chicago,Cook County
41.839,-87.665,Lower West Side,Chicago,Cook County
41.858,-87.632,Armour Square,Chicago,Cook County
41.876,-87.755,Austin,Chicago,Cook County
41.876,-87.716,Garfield Park,Chicago,Cook County
41.879,-87.639,West Loop,Chicago,Cook County
41.88,-87.625,Chicago Loop,Chicago,Cook County
41.89,-87.631,River North,Chicago,Cook County
41.89,-87.625,River North,Chicago,Cook County
41.891,-87.617,Streeterville,Chicago,Cook County
41.892,-87.622,Streeterville,Chicago,Cook County
41.894,-87.635,River North,Chicago,Cook County
41.898,-87.63,Rush & Division,Chicago,Cook County
41.907,-87.638,Near North Side,Chicago,Cook County
41.924,-87.728,Hermosa,Chicago,Cook County
41.927,-87.785,Belmont Central,Chicago,Cook County
41.928,-87.758,Belmont Cragin,Chicago,Cook County
41.932,-87.644,Lincoln Park,Chicago,Cook County
41.958,-87.688,North Center,Chicago,Cook County
41.958,-87.673,Lake View,Chicago,Cook County
42.009,-87.691,West Ridge,Chicago,Cook County
42.012,-87.674,Rogers Park,Chicago,Cook County
42.019,-87.673,Rogers Park,Chicago,Cook County
42.06,-87.72,NA,Evanston,Cook County
41.67,-87.63,West Pullman,Chicago,Cook County
41.69,-87.63,Roseland,Chicago,Cook County
41.69,-87.53,East Side,Chicago,Cook County
41.7,-87.71,Mount Greenwood,Chicago,Cook County
41.705,-87.629,Roseland,Chicago,Cook County
41.72,-87.67,Beverly,Chicago,Cook County
41.72,-87.58,South Deering,Chicago,Cook County
41.74,-87.67,Auburn Gresham,Chicago,Cook County
41.743,-87.623,South Side,Chicago,Cook County
41.751,-87.598,Grand Crossing,Chicago,Cook County
41.766,-87.612,Greater Grand Crossing,Chicago,Cook County
41.77,-87.66,West Englewood,Chicago,Cook County
41.787,-87.666,West Englewood,Chicago,Cook County
41.799,-87.587,Hyde Park,Chicago,Cook County
41.8,-87.657,Back of the Yards,Chicago,Cook County
41.809,-87.664,Back of the Yards,Chicago,Cook County
41.87,-87.673,Near West Side,Chicago,Cook County
41.872,-87.646,Little Italy,Chicago,Cook County
41.876,-87.632,Chicago Loop,Chicago,Cook County
41.879,-87.642,West Loop,Chicago,Cook County
41.883,-87.625,Chicago Loop,Chicago,Cook County
41.885,-87.652,Fulton Market District,Chicago,Cook County
41.893,-87.619,Streeterville,Chicago,Cook County
41.899,-87.629,Rush & Division,Chicago,Cook County
41.904,-87.635,Near North Side,Chicago,Cook County
41.912,-87.633,Old Town Triangle,Chicago,Cook County
41.92,-87.692,Logan Square,Chicago,Cook County
41.95,-87.706,Irving Park,Chicago,Cook County
41.95,-87.646,Lake View East,Chicago,Cook County
41.954,-87.704,Irving Park,Chicago,Cook County
41.961,-87.691,North Center,Chicago,Cook County
41.69,-87.62,Roseland,Chicago,Cook County
41.71,-87.63,Roseland,Chicago,Cook County
41.73,-87.63,Roseland,Chicago,Cook County
41.76,-87.55,South Shore,Chicago,Cook County
41.774,-87.664,West Englewood,Chicago,Cook County
41.789,-87.602,Hyde Park,Chicago,Cook County
41.794,-87.676,Back of the Yards,Chicago,Cook County
41.8,-87.63,Fuller Park,Chicago,Cook County
41.81,-87.74,Garfield Ridge,Chicago,Cook County
41.83,-87.73,South Lawndale,Chicago,Cook County
41.83,-87.7,Brighton Park,Chicago,Cook County
41.87,-87.674,Near West Side,Chicago,Cook County
41.872,-87.641,Near West Side,Chicago,Cook County
41.873,-87.625,Chicago Loop,Chicago,Cook County
41.875,-87.631,Chicago Loop,Chicago,Cook County
41.877,-87.631,Chicago Loop,Chicago,Cook County
41.877,-87.629,Chicago Loop,Chicago,Cook County
41.881,-87.641,West Loop,Chicago,Cook County
41.882,-87.626,Chicago Loop,Chicago,Cook County
41.883,-87.631,Chicago Loop,Chicago,Cook County
41.885,-87.626,Chicago Loop,Chicago,Cook County
41.886,-87.634,Chicago Loop,Chicago,Cook County
41.89,-87.78,NA,Oak Park,Cook County
41.89,-87.638,River North,Chicago,Cook County
41.891,-87.62,Streeterville,Chicago,Cook County
41.892,-87.625,River North,Chicago,Cook County
41.894,-87.624,Streeterville,Chicago,Cook County
41.895,-87.639,River North,Chicago,Cook County
41.895,-87.617,Streeterville,Chicago,Cook County
41.896,-87.63,River North,Chicago,Cook County
41.896,-87.603,Streeterville,Chicago,Cook County
41.897,-87.635,Near North,Chicago,Cook County
41.897,-87.63,Rush & Division,Chicago,Cook County
41.898,-87.625,Streeterville,Chicago,Cook County
41.9,-87.78,NA,Oak Park,Cook County
41.906,-87.635,Near North Side,Chicago,Cook County
41.912,-87.639,Old Town Triangle,Chicago,Cook County
41.936,-87.647,Lake View East,Chicago,Cook County
41.954,-87.74,Old Irving Park,Chicago,Cook County
41.954,-87.691,North Center,Chicago,Cook County
41.961,-87.696,Albany Park,Chicago,Cook County
41.983,-87.669,Andersonville,Chicago,Cook County
42,-87.72,NA,Lincolnwood,Cook County
42.053,-87.674,NA,Evanston,Cook County
41.65,-87.62,Eden Green,Riverdale,Cook County
41.67,-87.65,West Pullman,Calumet Park,Cook County
41.68,-87.7,NA,Merrionette Park,Cook County
41.68,-87.64,West Pullman,Chicago,Cook County
41.69,-87.7,Mount Greenwood,Chicago,Cook County
41.69,-87.66,South Side,Chicago,Cook County
41.71,-87.7,NA,Evergreen Park,Cook County
41.73,-87.59,Calumet Heights,Chicago,Cook County
41.73,-87.58,Calumet Heights,Chicago,Cook County
41.74,-87.53,South Chicago,Chicago,Cook County
41.759,-87.674,West Englewood,Chicago,Cook County
41.765,-87.617,Greater Grand Crossing,Chicago,Cook County
41.766,-87.617,Greater Grand Crossing,Chicago,Cook County
41.767,-87.577,Jackson Park Highlands,Chicago,Cook County
41.78,-87.74,Clearing,Chicago,Cook County
41.781,-87.585,Jackson Park,Chicago,Cook County
41.788,-87.589,Hyde Park,Chicago,Cook County
41.79,-87.703,Gage Park,Chicago,Cook County
41.791,-87.608,Washington Park,Chicago,Cook County
41.82,-87.65,Back of the Yards,Chicago,Cook County
41.823,-87.69,Brighton Park,Chicago,Cook County
41.828,-87.694,Brighton Park,Chicago,Cook County
41.841,-87.685,Lower West Side,Chicago,Cook County
41.872,-87.625,Chicago Loop,Chicago,Cook County
41.872,-87.623,Chicago Loop,Chicago,Cook County
41.877,-87.627,Chicago Loop,Chicago,Cook County
41.879,-87.644,West Loop,Chicago,Cook County
41.879,-87.637,Chicago Loop,Chicago,Cook County
41.88,-87.642,West Loop,Chicago,Cook County
41.885,-87.64,West Loop,Chicago,Cook County
41.885,-87.622,Chicago Loop,Chicago,Cook County
41.887,-87.638,River North,Chicago,Cook County
41.887,-87.636,Chicago Loop,Chicago,Cook County
41.889,-87.72,Humboldt Park,Chicago,Cook County
41.894,-87.634,River North,Chicago,Cook County
41.894,-87.617,Streeterville,Chicago,Cook County
41.895,-87.677,West Town,Chicago,Cook County
41.895,-87.624,Streeterville,Chicago,Cook County
41.902,-87.677,West Town,Chicago,Cook County
41.902,-87.631,Rush & Division,Chicago,Cook County
41.902,-87.624,Gold Coast,Chicago,Cook County
41.916,-87.634,Lincoln Park,Chicago,Cook County
41.918,-87.637,Old Town Triangle,Chicago,Cook County
41.95,-87.647,Lake View East,Chicago,Cook County
41.954,-87.674,North Center,Chicago,Cook County
41.98,-87.677,Lincoln Square,Chicago,Cook County
41.66,-87.55,Hegewisch,Chicago,Cook County
41.68,-87.62,West Pullman,Chicago,Cook County
41.69,-87.72,Mount Greenwood,Chicago,Cook County
41.7,-87.66,East Beverly,Chicago,Cook County
41.71,-87.71,Mount Greenwood,Evergreen Park,Cook County
41.71,-87.62,Roseland,Chicago,Cook County
41.72,-87.54,East Side,Chicago,Cook County
41.729,-87.597,Burnside,Chicago,Cook County
41.74,-87.54,South Chicago,Chicago,Cook County
41.742,-87.658,Auburn Gresham,Chicago,Cook County
41.78,-87.606,Woodlawn,Chicago,Cook County
41.79,-87.67,West Englewood,Chicago,Cook County
41.81,-87.58,Kenwood,Chicago,Cook County
41.852,-87.691,Marshall Square,Chicago,Cook County
41.852,-87.627,Near South Side,Chicago,Cook County
41.873,-87.765,Austin,Chicago,Cook County
41.88,-87.638,Chicago Loop,Chicago,Cook County
41.886,-87.638,Near West Side,Chicago,Cook County
41.886,-87.627,Chicago Loop,Chicago,Cook County
41.886,-87.62,Chicago Loop,Chicago,Cook County
41.886,-87.616,Chicago Loop,Chicago,Cook County
41.887,-87.634,Chicago Loop,Chicago,Cook County
41.887,-87.625,Chicago Loop,Chicago,Cook County
41.888,-87.775,NA,Oak Park,Cook County
41.888,-87.618,Chicago Loop,Chicago,Cook County
41.889,-87.629,River North,Chicago,Cook County
41.89,-87.74,Humboldt Park,Chicago,Cook County
41.891,-87.649,West Town,Chicago,Cook County
41.891,-87.61,Streeterville,Chicago,Cook County
41.893,-87.641,River North,Chicago,Cook County
41.893,-87.614,Streeterville,Chicago,Cook County
41.897,-87.644,Goose Island,Chicago,Cook County
41.912,-87.634,Old Town Triangle,Chicago,Cook County
41.925,-87.659,Lincoln Park,Chicago,Cook County
41.928,-87.654,Sheffield & DePaul,Chicago,Cook County
41.936,-87.654,Lake View East,Chicago,Cook County
41.942,-87.767,Portage Park,Chicago,Cook County
41.953,-87.807,Dunning,Norridge,Cook County
41.954,-87.665,Lake View,Chicago,Cook County
41.96,-87.77,Portage Park,Chicago,Cook County
41.974,-87.668,Uptown,Chicago,Cook County
41.975,-87.679,Lincoln Square,Chicago,Cook County
41.979,-87.693,Lincoln Square,Chicago,Cook County
41.65,-87.6,Altgeld Gardens,Chicago,Cook County
41.67,-87.66,West Pullman,Chicago,Cook County
41.692,-87.531,East Side,Chicago,Cook County
41.7,-87.52,NA,Hammond,Lake County
41.72,-87.69,NA,Evergreen Park,Cook County
41.72,-87.59,Pullman,Chicago,Cook County
41.747,-87.58,Avalon Park,Chicago,Cook County
41.751,-87.597,Grand Crossing,Chicago,Cook County
41.767,-87.587,Grand Crossing,Chicago,Cook County
41.802,-87.586,East Hyde Park,Chicago,Cook County
41.817,-87.62,Bronzeville,Chicago,Cook County
41.825,-87.598,Oakland,Chicago,Cook County
41.863,-87.651,Little Italy,Chicago,Cook County
41.871,-87.694,Garfield Park,Chicago,Cook County
41.877,-87.65,West Loop,Chicago,Cook County
41.877,-87.638,West Loop,Chicago,Cook County
41.877,-87.63,Chicago Loop,Chicago,Cook County
41.878,-87.638,West Loop,Chicago,Cook County
41.88,-87.775,Austin,Oak Park,Cook County
41.881,-87.638,Chicago Loop,Chicago,Cook County
41.882,-87.675,Near West Side,Chicago,Cook County
41.883,-87.63,Chicago Loop,Chicago,Cook County
41.883,-87.623,Chicago Loop,Chicago,Cook County
41.885,-87.637,Chicago Loop,Chicago,Cook County
41.885,-87.616,Chicago Loop,Chicago,Cook County
41.886,-87.652,Fulton Market District,Chicago,Cook County
41.886,-87.637,Chicago Loop,Chicago,Cook County
41.887,-87.702,Garfield Park,Chicago,Cook County
41.887,-87.63,Chicago Loop,Chicago,Cook County
41.888,-87.766,Austin,Chicago,Cook County
41.89,-87.639,River North,Chicago,Cook County
41.891,-87.628,River North,Chicago,Cook County
41.893,-87.622,Streeterville,Chicago,Cook County
41.893,-87.616,Streeterville,Chicago,Cook County
41.893,-87.612,Streeterville,Chicago,Cook County
41.895,-87.629,River North,Chicago,Cook County
41.895,-87.625,River North,Chicago,Cook County
41.896,-87.679,West Town,Chicago,Cook County
41.897,-87.654,West Town,Chicago,Cook County
41.898,-87.644,Goose Island,Chicago,Cook County
41.899,-87.686,West Town,Chicago,Cook County
41.899,-87.621,Streeterville,Chicago,Cook County
41.9,-87.696,West Town,Chicago,Cook County
41.904,-87.632,Near North Side,Chicago,Cook County
41.906,-87.626,Gold Coast,Chicago,Cook County
41.91,-87.633,Near North Side,Chicago,Cook County
41.911,-87.67,West Town,Chicago,Cook County
41.911,-87.627,Gold Coast,Chicago,Cook County
41.921,-87.722,Logan Square,Chicago,Cook County
41.924,-87.751,Belmont Cragin,Chicago,Cook County
41.934,-87.734,Belmont Gardens,Chicago,Cook County
41.935,-87.784,Belmont Central,Chicago,Cook County
41.942,-87.701,Avondale,Chicago,Cook County
41.943,-87.664,Lake View,Chicago,Cook County
41.961,-87.716,Irving Park,Chicago,Cook County
41.97,-87.63,Uptown,Chicago,Cook County
41.972,-87.703,Lincoln Square,Chicago,Cook County
41.973,-87.66,Uptown,Chicago,Cook County
42.019,-87.67,Rogers Park,Chicago,Cook County
42.07,-87.69,NA,Wilmette,Cook County
41.66,-87.6,Riverdale,Chicago,Cook County
41.67,-87.64,West Pullman,Chicago,Cook County
41.68,-87.63,West Pullman,Chicago,Cook County
41.69,-87.69,Kennedy Park,Chicago,Cook County
41.69,-87.52,NA,Hammond,Lake County
41.692,-87.682,West Morgan Park,Chicago,Cook County
41.733,-87.658,Auburn Gresham,Chicago,Cook County
41.734,-87.559,South Chicago,Chicago,Cook County
41.736,-87.601,South Side,Chicago,Cook County
41.74,-87.64,Auburn Gresham,Chicago,Cook County
41.759,-87.664,West Englewood,Chicago,Cook County
41.759,-87.567,South Shore,Chicago,Cook County
41.767,-87.566,South Shore,Chicago,Cook County
41.77,-87.67,West Englewood,Chicago,Cook County
41.779,-87.644,Englewood,Chicago,Cook County
41.78,-87.718,West Lawn,Chicago,Cook County
41.781,-87.683,Chicago Lawn,Chicago,Cook County
41.794,-87.686,Gage Park,Chicago,Cook County
41.799,-87.703,Gage Park,Chicago,Cook County
41.802,-87.749,Garfield Ridge,Chicago,Cook County
41.808,-87.721,Archer Heights,Chicago,Cook County
41.809,-87.634,Fuller Park,Chicago,Cook County
41.82,-87.73,Archer Heights,Chicago,Cook County
41.837,-87.614,Douglas,Chicago,Cook County
41.84,-87.74,South Lawndale,Cicero,Cook County
41.848,-87.706,South Lawndale,Chicago,Cook County
41.853,-87.725,North Lawndale,Chicago,Cook County
41.856,-87.627,Near South Side,Chicago,Cook County
41.858,-87.661,Lower West Side,Chicago,Cook County
41.867,-87.667,Near West Side,Chicago,Cook County
41.871,-87.673,Near West Side,Chicago,Cook County
41.872,-87.674,Near West Side,Chicago,Cook County
41.872,-87.634,Chicago Loop,Chicago,Cook County
41.876,-87.64,West Loop,Chicago,Cook County
41.877,-87.674,Near West Side,Chicago,Cook County
41.877,-87.637,Chicago Loop,Chicago,Cook County
41.878,-87.643,West Loop,Chicago,Cook County
41.878,-87.637,Chicago Loop,Chicago,Cook County
41.878,-87.633,Chicago Loop,Chicago,Cook County
41.879,-87.638,West Loop,Chicago,Cook County
41.882,-87.647,West Loop,Chicago,Cook County
41.882,-87.634,Chicago Loop,Chicago,Cook County
41.883,-87.634,Chicago Loop,Chicago,Cook County
41.884,-87.639,West Loop,Chicago,Cook County
41.884,-87.633,Chicago Loop,Chicago,Cook County
41.885,-87.643,West Loop,Chicago,Cook County
41.886,-87.629,Chicago Loop,Chicago,Cook County
41.886,-87.628,Chicago Loop,Chicago,Cook County
41.887,-87.746,Austin,Chicago,Cook County
41.887,-87.629,Chicago Loop,Chicago,Cook County
41.888,-87.645,West Loop,Chicago,Cook County
41.888,-87.635,River North,Chicago,Cook County
41.89,-87.628,River North,Chicago,Cook County
41.891,-87.717,Humboldt Park,Chicago,Cook County
41.891,-87.634,River North,Chicago,Cook County
41.892,-87.635,River North,Chicago,Cook County
41.892,-87.632,River North,Chicago,Cook County
41.892,-87.628,River North,Chicago,Cook County
41.892,-87.613,Streeterville,Chicago,Cook County
41.893,-87.642,River North,Chicago,Cook County
41.893,-87.63,River North,Chicago,Cook County
41.894,-87.628,River North,Chicago,Cook County
41.895,-87.774,Austin,Chicago,Cook County
41.895,-87.63,River North,Chicago,Cook County
41.899,-87.624,Streeterville,Chicago,Cook County
41.902,-87.629,Rush & Division,Chicago,Cook County
41.904,-87.631,Gold Coast,Chicago,Cook County
41.907,-87.636,Near North Side,Chicago,Cook County
41.911,-87.689,West Town,Chicago,Cook County
41.913,-87.635,Old Town Triangle,Chicago,Cook County
41.917,-87.767,Belmont Central,Chicago,Cook County
41.919,-87.636,Lincoln Park,Chicago,Cook County
41.922,-87.739,Hermosa,Chicago,Cook County
41.922,-87.697,Logan Square,Chicago,Cook County
41.925,-87.658,Sheffield & DePaul,Chicago,Cook County
41.929,-87.644,Lincoln Park,Chicago,Cook County
41.935,-87.663,Lake View,Chicago,Cook County
41.936,-87.717,Avondale,Chicago,Cook County
41.94,-87.786,Belmont Central,Chicago,Cook County
41.94,-87.705,Avondale,Chicago,Cook County
41.94,-87.639,Lake View East,Chicago,Cook County
41.941,-87.701,Avondale,Chicago,Cook County
41.945,-87.799,Schorsch Village,Chicago,Cook County
41.946,-87.703,Avondale,Chicago,Cook County
41.946,-87.683,Roscoe Village,Chicago,Cook County
41.947,-87.684,North Center,Chicago,Cook County
41.953,-87.785,Portage Park,Chicago,Cook County
41.96,-87.81,NA,Norridge,Cook County
41.966,-87.693,Ravenswood Gardens,Chicago,Cook County
41.974,-87.655,Uptown,Chicago,Cook County
41.984,-87.653,Edgewater,Chicago,Cook County
41.986,-87.653,Edgewater,Chicago,Cook County
42.004,-87.673,Rogers Park,Chicago,Cook County
42.07,-87.71,NA,Wilmette,Cook County
41.64,-87.54,NA,Burnham,Cook County
41.65,-87.54,Hegewisch,Chicago,Cook County
41.654,-87.617,Eden Green,Chicago,Cook County
41.66,-87.63,West Pullman,Chicago,Cook County
41.66,-87.61,Riverdale,Chicago,Cook County
41.66,-87.56,Hegewisch,Chicago,Cook County
41.68,-87.72,NA,Alsip,Cook County
41.686,-87.688,Kennedy Park,Chicago,Cook County
41.686,-87.613,Roseland,Chicago,Cook County
41.688,-87.537,East Side,Chicago,Cook County
41.69,-87.6,Pullman,Chicago,Cook County
41.69,-87.56,South Deering,Chicago,Cook County
41.691,-87.706,Mount Greenwood,Chicago,Cook County
41.692,-87.707,Mount Greenwood,Chicago,Cook County
41.7,-87.56,South Deering,Chicago,Cook County
41.707,-87.594,Pullman,Chicago,Cook County
41.71,-87.55,South Deering,Chicago,Cook County
41.712,-87.682,South Side,Chicago,Cook County
41.72,-87.55,Vet's Park,Chicago,Cook County
41.721,-87.679,Beverly,Chicago,Cook County
41.721,-87.643,Washington Heights,Chicago,Cook County
41.723,-87.643,Washington Heights,Chicago,Cook County
41.73,-87.57,Calumet Heights,Chicago,Cook County
41.736,-87.664,Auburn Gresham,Chicago,Cook County
41.736,-87.648,Auburn Gresham,Chicago,Cook County
41.744,-87.605,Grand Crossing,Chicago,Cook County
41.746,-87.586,Grand Crossing,Chicago,Cook County
41.747,-87.605,Grand Crossing,Chicago,Cook County
41.751,-87.625,South Side,Chicago,Cook County
41.752,-87.576,South Shore,Chicago,Cook County
41.756,-87.644,Auburn Gresham,Chicago,Cook County
41.758,-87.607,Greater Grand Crossing,Chicago,Cook County
41.772,-87.656,West Englewood,Chicago,Cook County
41.773,-87.648,Englewood,Chicago,Cook County
41.773,-87.578,Jackson Park Highlands,Chicago,Cook County
41.774,-87.585,South Shore,Chicago,Cook County
41.774,-87.578,Jackson Park Highlands,Chicago,Cook County
41.775,-87.729,West Lawn,Chicago,Cook County
41.779,-87.706,Chicago Lawn,Chicago,Cook County
41.786,-87.693,Chicago Lawn,Chicago,Cook County
41.79,-87.64,Englewood,Chicago,Cook County
41.79,-87.57,Hyde Park,Chicago,Cook County
41.793,-87.665,West Englewood,Chicago,Cook County
41.795,-87.602,Hyde Park,Chicago,Cook County
41.796,-87.597,Hyde Park,Chicago,Cook County
41.796,-87.581,East Hyde Park,Chicago,Cook County
41.797,-87.606,Hyde Park,Chicago,Cook County
41.799,-87.594,Hyde Park,Chicago,Cook County
41.8,-87.64,Back of the Yards,Chicago,Cook County
41.8,-87.589,Hyde Park,Chicago,Cook County
41.801,-87.603,Hyde Park,Chicago,Cook County
41.803,-87.585,East Hyde Park,Chicago,Cook County
41.807,-87.669,Back of the Yards,Chicago,Cook County
41.807,-87.604,Kenwood,Chicago,Cook County
41.808,-87.697,Brighton Park,Chicago,Cook County
41.809,-87.657,Back of the Yards,Chicago,Cook County
41.81,-87.592,Kenwood,Chicago,Cook County
41.818,-87.6,Oakland,Chicago,Cook County
41.823,-87.626,Bronzeville,Chicago,Cook County
41.827,-87.638,Bridgeport,Chicago,Cook County
41.828,-87.695,Brighton Park,Chicago,Cook County
41.829,-87.625,Douglas,Chicago,Cook County
41.832,-87.678,McKinley Park,Chicago,Cook County
41.834,-87.676,McKinley Park,Chicago,Cook County
41.835,-87.655,Bridgeport,Chicago,Cook County
41.835,-87.635,Armour Square,Chicago,Cook County
41.837,-87.726,South Lawndale,Chicago,Cook County
41.838,-87.636,Armour Square,Chicago,Cook County
41.838,-87.628,Douglas,Chicago,Cook County
41.838,-87.624,Douglas,Chicago,Cook County
41.838,-87.607,Douglas,Chicago,Cook County
41.839,-87.625,Douglas,Chicago,Cook County
41.844,-87.716,South Lawndale,Chicago,Cook County
41.846,-87.628,Ickes Prairie Homes,Chicago,Cook County
41.848,-87.693,Marshall Square,Chicago,Cook County
41.851,-87.618,Near South Side,Chicago,Cook County
41.852,-87.626,Near South Side,Chicago,Cook County
41.855,-87.686,Marshall Square,Chicago,Cook County
41.855,-87.675,Lower West Side,Chicago,Cook County
41.855,-87.619,Near South Side,Chicago,Cook County
41.858,-87.665,Lower West Side,Chicago,Cook County
41.859,-87.703,North Lawndale,Chicago,Cook County
41.86,-87.74,North Lawndale,Cicero,Cook County
41.864,-87.718,North Lawndale,Chicago,Cook County
41.864,-87.68,Near West Side,Chicago,Cook County
41.865,-87.625,Near South Side,Chicago,Cook County
41.866,-87.647,Little Italy,Chicago,Cook County
41.866,-87.621,Near South Side,Chicago,Cook County
41.866,-87.614,Near South Side,Chicago,Cook County
41.867,-87.722,North Lawndale,Chicago,Cook County
41.867,-87.633,Near South Side,Chicago,Cook County
41.867,-87.627,Chicago Loop,Chicago,Cook County
41.868,-87.628,Chicago Loop,Chicago,Cook County
41.868,-87.626,Chicago Loop,Chicago,Cook County
41.868,-87.619,Chicago Loop,Chicago,Cook County
41.871,-87.63,Chicago Loop,Chicago,Cook County
41.873,-87.67,Near West Side,Chicago,Cook County
41.873,-87.63,Chicago Loop,Chicago,Cook County
41.874,-87.668,Near West Side,Chicago,Cook County
41.874,-87.634,Chicago Loop,Chicago,Cook County
41.874,-87.633,Chicago Loop,Chicago,Cook County
41.874,-87.625,Chicago Loop,Chicago,Cook County
41.875,-87.632,Chicago Loop,Chicago,Cook County
41.875,-87.63,Chicago Loop,Chicago,Cook County
41.875,-87.629,Chicago Loop,Chicago,Cook County
41.875,-87.617,Chicago Loop,Chicago,Cook County
41.876,-87.633,Chicago Loop,Chicago,Cook County
41.876,-87.618,Chicago Loop,Chicago,Cook County
41.877,-87.624,Chicago Loop,Chicago,Cook County
41.879,-87.666,West Jackson Boulevard District,Chicago,Cook County
41.88,-87.671,Near West Side,Chicago,Cook County
41.88,-87.639,West Loop,Chicago,Cook County
41.881,-87.649,West Loop,Chicago,Cook County
41.881,-87.634,Chicago Loop,Chicago,Cook County
41.881,-87.633,Chicago Loop,Chicago,Cook County
41.881,-87.632,Chicago Loop,Chicago,Cook County
41.881,-87.627,Chicago Loop,Chicago,Cook County
41.881,-87.621,Chicago Loop,Chicago,Cook County
41.882,-87.66,West Loop,Chicago,Cook County
41.882,-87.654,West Loop,Chicago,Cook County
41.882,-87.631,Chicago Loop,Chicago,Cook County
41.882,-87.629,Chicago Loop,Chicago,Cook County
41.882,-87.622,Chicago Loop,Chicago,Cook County
41.882,-87.617,Chicago Loop,Chicago,Cook County
41.883,-87.652,West Loop,Chicago,Cook County
41.883,-87.635,Chicago Loop,Chicago,Cook County
41.883,-87.629,Chicago Loop,Chicago,Cook County
41.883,-87.626,Chicago Loop,Chicago,Cook County
41.883,-87.622,Chicago Loop,Chicago,Cook County
41.884,-87.686,Near West Side,Chicago,Cook County
41.884,-87.655,Fulton Market District,Chicago,Cook County
41.884,-87.65,Fulton Market District,Chicago,Cook County
41.884,-87.64,West Loop,Chicago,Cook County
41.884,-87.636,Chicago Loop,Chicago,Cook County
41.884,-87.634,Chicago Loop,Chicago,Cook County
41.884,-87.622,Chicago Loop,Chicago,Cook County
41.884,-87.621,Chicago Loop,Chicago,Cook County
41.884,-87.618,Chicago Loop,Chicago,Cook County
41.885,-87.661,Fulton Market District,Chicago,Cook County
41.885,-87.639,West Loop,Chicago,Cook County
41.885,-87.638,West Loop,Chicago,Cook County
41.885,-87.613,Chicago Loop,Chicago,Cook County
41.886,-87.702,Garfield Park,Chicago,Cook County
41.886,-87.65,Fulton Market District,Chicago,Cook County
41.886,-87.643,West Loop,Chicago,Cook County
41.886,-87.64,West Loop,Chicago,Cook County
41.886,-87.639,West Loop,Chicago,Cook County
41.886,-87.633,Chicago Loop,Chicago,Cook County
41.886,-87.619,Chicago Loop,Chicago,Cook County
41.887,-87.641,West Loop,Chicago,Cook County
41.887,-87.64,West Loop,Chicago,Cook County
41.887,-87.633,Chicago Loop,Chicago,Cook County
41.887,-87.632,Chicago Loop,Chicago,Cook County
41.887,-87.619,Chicago Loop,Chicago,Cook County
41.887,-87.615,Chicago Loop,Chicago,Cook County
41.888,-87.629,River North,Chicago,Cook County
41.888,-87.624,Chicago Loop,Chicago,Cook County
41.888,-87.623,Chicago Loop,Chicago,Cook County
41.888,-87.622,Chicago Loop,Chicago,Cook County
41.889,-87.641,West Loop,Chicago,Cook County
41.889,-87.632,River North,Chicago,Cook County
41.89,-87.633,River North,Chicago,Cook County
41.89,-87.623,Streeterville,Chicago,Cook County
41.891,-87.716,Humboldt Park,Chicago,Cook County
41.891,-87.64,River North,Chicago,Cook County
41.891,-87.633,River North,Chicago,Cook County
41.891,-87.623,Streeterville,Chicago,Cook County
41.891,-87.611,Streeterville,Chicago,Cook County
41.892,-87.716,Humboldt Park,Chicago,Cook County
41.892,-87.64,River North,Chicago,Cook County
41.892,-87.636,River North,Chicago,Cook County
41.892,-87.629,River North,Chicago,Cook County
41.892,-87.616,Streeterville,Chicago,Cook County
41.892,-87.611,Streeterville,Chicago,Cook County
41.893,-87.629,River North,Chicago,Cook County
41.893,-87.623,Streeterville,Chicago,Cook County
41.894,-87.638,River North,Chicago,Cook County
41.894,-87.633,River North,Chicago,Cook County
41.895,-87.719,Humboldt Park,Chicago,Cook County
41.895,-87.672,West Town,Chicago,Cook County
41.895,-87.628,River North,Chicago,Cook County
41.896,-87.655,West Town,Chicago,Cook County
41.896,-87.622,Streeterville,Chicago,Cook County
41.896,-87.619,Streeterville,Chicago,Cook County
41.896,-87.617,Streeterville,Chicago,Cook County
41.897,-87.638,Near North Side,Chicago,Cook County
41.897,-87.627,Rush & Division,Chicago,Cook County
41.897,-87.617,Streeterville,Chicago,Cook County
41.898,-87.66,West Town,Chicago,Cook County
41.898,-87.642,Cabrini-Green,Chicago,Cook County
41.899,-87.625,Streeterville,Chicago,Cook County
41.9,-87.625,Streeterville,Chicago,Cook County
41.9,-87.624,Streeterville,Chicago,Cook County
41.9,-87.622,Streeterville,Chicago,Cook County
41.901,-87.697,West Town,Chicago,Cook County
41.901,-87.694,West Town,Chicago,Cook County
41.901,-87.62,Streeterville,Chicago,Cook County
41.902,-87.627,Gold Coast,Chicago,Cook County
41.902,-87.623,Near North Side,Chicago,Cook County
41.902,-87.622,Near North Side,Chicago,Cook County
41.902,-87.621,Near North Side,Chicago,Cook County
41.903,-87.693,West Town,Chicago,Cook County
41.903,-87.675,West Town,Chicago,Cook County
41.903,-87.673,West Town,Chicago,Cook County
41.905,-87.637,Near North Side,Chicago,Cook County
41.905,-87.633,Near North Side,Chicago,Cook County
41.906,-87.67,West Town,Chicago,Cook County
41.907,-87.673,West Town,Chicago,Cook County
41.907,-87.639,Near North Side,Chicago,Cook County
41.908,-87.692,West Town,Chicago,Cook County
41.908,-87.626,Gold Coast,Chicago,Cook County
41.909,-87.697,West Town,Chicago,Cook County
41.909,-87.673,West Town,Chicago,Cook County
41.909,-87.631,Gold Coast,Chicago,Cook County
41.91,-87.695,West Town,Chicago,Cook County
41.91,-87.688,West Town,Chicago,Cook County
41.91,-87.677,West Town,Chicago,Cook County
41.911,-87.638,Near North Side,Chicago,Cook County
41.911,-87.633,Near North Side,Chicago,Cook County
41.911,-87.628,Gold Coast,Chicago,Cook County
41.911,-87.625,Gold Coast,Chicago,Cook County
41.914,-87.715,Logan Square,Chicago,Cook County
41.914,-87.631,Lincoln Park,Chicago,Cook County
41.915,-87.635,Old Town Triangle,Chicago,Cook County
41.915,-87.628,Lincoln Park,Chicago,Cook County
41.916,-87.678,Bucktown,Chicago,Cook County
41.916,-87.673,Bucktown,Chicago,Cook County
41.917,-87.749,Belmont Cragin,Chicago,Cook County
41.917,-87.688,Logan Square,Chicago,Cook County
41.918,-87.681,Bucktown,Chicago,Cook County
41.918,-87.658,Lincoln Park,Chicago,Cook County
41.918,-87.654,Lincoln Park,Chicago,Cook County
41.918,-87.638,Old Town Triangle,Chicago,Cook County
41.922,-87.724,Logan Square,Chicago,Cook County
41.922,-87.687,Bucktown,Chicago,Cook County
41.922,-87.657,Sheffield & DePaul,Chicago,Cook County
41.922,-87.653,Sheffield & DePaul,Chicago,Cook County
41.922,-87.63,Lincoln Park,Chicago,Cook County
41.923,-87.698,Logan Square,Chicago,Cook County
41.924,-87.772,Belmont Central,Chicago,Cook County
41.925,-87.683,Bucktown,Chicago,Cook County
41.925,-87.663,Lincoln Park,Chicago,Cook County
41.925,-87.647,Lincoln Park,Chicago,Cook County
41.926,-87.702,Logan Square,Chicago,Cook County
41.926,-87.638,Lincoln Park,Chicago,Cook County
41.927,-87.649,Sheffield & DePaul,Chicago,Cook County
41.928,-87.644,Lincoln Park,Chicago,Cook County
41.928,-87.641,Lincoln Park,Chicago,Cook County
41.93,-87.649,Sheffield & DePaul,Chicago,Cook County
41.931,-87.801,Montclare,Chicago,Cook County
41.931,-87.763,Belmont Cragin,Chicago,Cook County
41.931,-87.711,Logan Square,Chicago,Cook County
41.931,-87.649,Lincoln Park,Chicago,Cook County
41.932,-87.666,Lincoln Park,Chicago,Cook County
41.932,-87.643,Lincoln Park,Chicago,Cook County
41.932,-87.642,Lincoln Park,Chicago,Cook County
41.938,-87.762,Belmont Cragin,Chicago,Cook County
41.938,-87.7,Avondale,Chicago,Cook County
41.939,-87.751,Portage Park,Chicago,Cook County
41.939,-87.749,Belmont Cragin,Chicago,Cook County
41.939,-87.723,Avondale,Chicago,Cook County
41.939,-87.711,Avondale,Chicago,Cook County
41.939,-87.659,Lake View,Chicago,Cook County
41.939,-87.644,Lake View East,Chicago,Cook County
41.94,-87.712,Avondale,Chicago,Cook County
41.94,-87.676,Roscoe Village,Chicago,Cook County
41.94,-87.654,Lake View East,Chicago,Cook County
41.94,-87.634,Lake View,Chicago,Cook County
41.943,-87.704,Avondale,Chicago,Cook County
41.943,-87.649,Lake View East,Chicago,Cook County
41.944,-87.719,Avondale,Chicago,Cook County
41.944,-87.641,Lake View East,Chicago,Cook County
41.945,-87.824,Belmont Heights,Chicago,Cook County
41.945,-87.706,Avondale,Chicago,Cook County
41.946,-87.674,Roscoe Village,Chicago,Cook County
41.946,-87.656,Lake View East,Chicago,Cook County
41.947,-87.653,Lake View East,Chicago,Cook County
41.947,-87.645,Lake View East,Chicago,Cook County
41.948,-87.829,Irving Woods,Chicago,Cook County
41.948,-87.718,Irving Park,Chicago,Cook County
41.948,-87.707,Irving Park,Chicago,Cook County
41.949,-87.659,Lake View East,Chicago,Cook County
41.95,-87.84,O'Hare,Chicago,Cook County
41.951,-87.668,Lake View,Chicago,Cook County
41.953,-87.762,Portage Park,Chicago,Cook County
41.954,-87.71,Irving Park,Chicago,Cook County
41.957,-87.652,Uptown,Chicago,Cook County
41.958,-87.669,Lake View,Chicago,Cook County
41.96,-87.8,NA,Harwood Heights,Cook County
41.96,-87.647,Uptown,Chicago,Cook County
41.961,-87.746,Old Irving Park,Chicago,Cook County
41.961,-87.652,Uptown,Chicago,Cook County
41.962,-87.654,Uptown,Chicago,Cook County
41.962,-87.652,Uptown,Chicago,Cook County
41.966,-87.658,Uptown,Chicago,Cook County
41.967,-87.658,Uptown,Chicago,Cook County
41.969,-87.66,Uptown,Chicago,Cook County
41.971,-87.65,Uptown,Chicago,Cook County
41.973,-87.696,Lincoln Square,Chicago,Cook County
41.973,-87.667,Uptown,Chicago,Cook County
41.974,-87.661,Uptown,Chicago,Cook County
41.976,-87.702,Lincoln Square,Chicago,Cook County
41.978,-87.649,Edgewater,Chicago,Cook County
41.98,-87.72,North Park,Chicago,Cook County
41.98,-87.693,Lincoln Square,Chicago,Cook County
41.98,-87.681,Lincoln Square,Chicago,Cook County
41.99,-87.72,North Park,Chicago,Cook County
41.995,-87.661,Edgewater,Chicago,Cook County
42.003,-87.661,Rogers Park,Chicago,Cook County
42.007,-87.666,Rogers Park,Chicago,Cook County
42.01,-87.662,Rogers Park,Chicago,Cook County
42.016,-87.668,Rogers Park,Chicago,Cook County
42.046,-87.679,NA,Evanston,Cook County
42.05,-87.73,NA,Skokie,Cook County
42.05,-87.677,NA,Evanston,Cook County
42.053,-87.71,NA,Evanston,Cook County
42.07,-87.73,NA,Wilmette,Cook County
